canonical_person_id,name,dataset_count,independent_source_family_count,datasets,source_families,evidence_types,source_locators
david-richter,David Richter,9,7,a_faithful_pca_2021-06-11; a_faithful_pca_2022-03-14; amr_leadership_current; amr_website_media_2023_2026; amr_youtube_media_2023_2026; national_partnership_confirmed_members; overture_15_negative_votes_2022; overture_37_negative_votes_2021; warhurst_protest_2019,a_faithful_pca; amr_leadership; amr_media; national_partnership; overture_15_2022; overture_37_2021; warhurst_protest_2019,formal_organization_leadership; formal_organization_membership; formal_protest_signature; media_authorship_or_participation; media_participation; public_letter_signature; recorded_negative_vote,a_faithful_pca_2021-06-11::signature:124; a_faithful_pca_2022-03-14::signature:143; amr_leadership_current::aff-richter-amr-current; amr_website_media_2023_2026::item:114:contributor:2:https://a4mr.org/uniting-the-tribes-david-strain-david-richter-and-david-cassidy-discuss-bco-overture-23/; amr_website_media_2023_2026::item:21:contributor:2:https://a4mr.org/what-kind-of-church-are-we-becoming/; amr_website_media_2023_2026::item:31:contributor:1:https://a4mr.org/formed-or-deformed-discipleship-in-a-distracted-age/; amr_youtube_media_2023_2026::video:1DIUuWkKsAo:participant:2; amr_youtube_media_2023_2026::video:aT6rzfPhCRo:participant:2; national_partnership_confirmed_members::confirmed_member:42:david richter; overture_15_negative_votes_2022::print_order:145; overture_37_negative_votes_2021::print_order:158; warhurst_protest_2019::print_order:93
geoff-ziegler,Geoff Ziegler,8,5,a_faithful_pca_2021-06-11; a_faithful_pca_2022-03-14; amr_leadership_current; amr_website_media_2023_2026; amr_youtube_media_2023_2026; national_partnership_confirmed_members; overture_37_minority_2021; overture_37_negative_votes_2021,a_faithful_pca; amr_leadership; amr_media; national_partnership; overture_37_2021,formal_organization_leadership; formal_organization_membership; media_authorship_or_participation; media_participation; minority_report_signature; public_letter_signature; recorded_negative_vote,a_faithful_pca_2021-06-11::signature:157; a_faithful_pca_2022-03-14::signature:176; amr_leadership_current::aff-ziegler-amr-current; amr_website_media_2023_2026::item:18:contributor:1:https://a4mr.org/gratitude-theological-vision-part-two/; amr_website_media_2023_2026::item:20:contributor:1:https://a4mr.org/introduction-to-amrs-theological-vision-statement/; amr_website_media_2023_2026::item:23:contributor:1:https://a4mr.org/three-views-on-female-deacons/; amr_website_media_2023_2026::item:28:contributor:1:https://a4mr.org/true-to-the-reformed-faith-the-confessional-identity-of-the-pca/; amr_website_media_2023_2026::item:7:contributor:2:https://a4mr.org/after-the-general-assembly-reflections-on-trust-unity-and-the-work-ahead/; amr_youtube_media_2023_2026::video:bMj_pCd4U6U:participant:2; national_partnership_confirmed_members::confirmed_member:58:geoff ziegler; overture_37_minority_2021::print_order:28; overture_37_negative_votes_2021::print_order:206
larry-hoop,Larry Hoop,8,8,formal_position_2008-overture-9-deaconess-study-minority-report; formal_position_2009-overture-10-women-roles-study-minority-report; nae_withdrawal_protest_2022; national_partnership_confirmed_members; overture_15_negative_votes_2022; overture_37_negative_votes_2021; subscription_overture_16_minority_report_2003; warhurst_protest_2019,ga_2003_subscription_formal_positions; ga_2008_formal_positions; ga_2009_formal_positions; nae_withdrawal_protest_2022; national_partnership; overture_15_2022; overture_37_2021; warhurst_protest_2019,formal_organization_membership; formal_protest_signature; formal_report_concurrence; minority_report_signature; recorded_negative_vote,formal_position_2008-overture-9-deaconess-study-minority-report::2008-overture-9-deaconess-study-minority-report:signer:25; formal_position_2009-overture-10-women-roles-study-minority-report::2009-overture-10-women-roles-study-minority-report:signer:14; nae_withdrawal_protest_2022::print_order:69; national_partnership_confirmed_members::confirmed_member:98:larry hoop; overture_15_negative_votes_2022::print_order:66; overture_37_negative_votes_2021::print_order:84; subscription_overture_16_minority_report_2003::overture16_minority_signer:9; warhurst_protest_2019::print_order:192
david-cassidy,David Cassidy,7,5,a_faithful_pca_2021-06-11; a_faithful_pca_2022-03-14; amr_leadership_current; amr_website_media_2023_2026; amr_youtube_media_2023_2026; overture_15_negative_votes_2022; overture_37_minority_2021,a_faithful_pca; amr_leadership; amr_media; overture_15_2022; overture_37_2021,formal_organization_leadership; media_authorship_or_participation; media_participation; minority_report_signature; public_letter_signature; recorded_negative_vote,a_faithful_pca_2021-06-11::signature:12; a_faithful_pca_2022-03-14::signature:12; amr_leadership_current::aff-cassidy-amr-current; amr_website_media_2023_2026::item:114:contributor:3:https://a4mr.org/uniting-the-tribes-david-strain-david-richter-and-david-cassidy-discuss-bco-overture-23/; amr_website_media_2023_2026::item:120:contributor:1:https://a4mr.org/engaging-our-current-moment-as-an-alliance-for-mission-renewal/; amr_website_media_2023_2026::item:27:contributor:1:https://a4mr.org/obedient-to-the-great-commission-the-pcas-evangelistic-and-missionary-calling/; amr_website_media_2023_2026::item:77:contributor:1:https://a4mr.org/a-reflection-on-church-planting-movements-in-the-early-21st-century/; amr_website_media_2023_2026::item:86:contributor:1:https://a4mr.org/beyond-politics-navigating-election-season-together-with-grace/; amr_website_media_2023_2026::item:96:contributor:1:https://a4mr.org/tim-keller-and-lesslie-newbigin-an-appreciative-comparison/; amr_youtube_media_2023_2026::video:1DIUuWkKsAo:participant:3; overture_15_negative_votes_2022::print_order:23; overture_37_minority_2021::print_order:4
irwyn-ince,Irwyn Ince,7,6,a_faithful_pca_2021-06-11; a_faithful_pca_2022-03-14; national_partnership_confirmed_members; overture_37_negative_votes_2021; publication_heal-us-emmanuel-2016; publication_hear-us-emmanuel-2020; warhurst_protest_2019,a_faithful_pca; national_partnership; overture_37_2021; publication_heal-us-emmanuel-2016; publication_hear-us-emmanuel-2020; warhurst_protest_2019,formal_organization_membership; formal_protest_signature; public_letter_signature; publication_contribution; recorded_negative_vote,a_faithful_pca_2021-06-11::signature:2; a_faithful_pca_2022-03-14::signature:2; national_partnership_confirmed_members::confirmed_member:67:irwyn ince; overture_37_negative_votes_2021::print_order:88; publication_heal-us-emmanuel-2016::chapter:23:contributor:1; publication_hear-us-emmanuel-2020::chapter:11:contributor:1; warhurst_protest_2019::print_order:148
kevin-twit,Kevin Twit,7,6,a_faithful_pca_2021-06-11; a_faithful_pca_2022-03-14; formal_position_2009-overture-10-women-roles-study-minority-report; national_partnership_confirmed_members; overture_15_negative_votes_2022; overture_37_negative_votes_2021; ruf_campus_catalog_2025,a_faithful_pca; ga_2009_formal_positions; institution_reformed-university-fellowship; national_partnership; overture_15_2022; overture_37_2021,formal_organization_membership; formal_report_concurrence; public_letter_signature; recorded_negative_vote; ruf_campus_role_snapshot,a_faithful_pca_2021-06-11::signature:191; a_faithful_pca_2022-03-14::signature:210; formal_position_2009-overture-10-women-roles-study-minority-report::2009-overture-10-women-roles-study-minority-report:signer:2; national_partnership_confirmed_members::confirmed_member:96:kevin twit; overture_15_negative_votes_2022::print_order:183; overture_37_negative_votes_2021::print_order:194; ruf_campus_catalog_2025::catalog-role:19:page:23
owen-lee,Owen Lee,7,6,a_faithful_pca_2021-06-11; a_faithful_pca_2022-03-14; institution_mission-to-north-america; nae_withdrawal_protest_2022; overture_15_negative_votes_2022; overture_37_minority_2021; warhurst_protest_2019,a_faithful_pca; institution_mission-to-north-america; nae_withdrawal_protest_2022; overture_15_2022; overture_37_2021; warhurst_protest_2019,formal_protest_signature; institutional_role; minority_report_signature; public_letter_signature; recorded_negative_vote,a_faithful_pca_2021-06-11::signature:15; a_faithful_pca_2022-03-14::signature:15; institution_mission-to-north-america::role:220:mission-to-north-america:line:31; nae_withdrawal_protest_2022::print_order:105; overture_15_negative_votes_2022::print_order:107; overture_37_minority_2021::print_order:16; warhurst_protest_2019::print_order:23
peter-rowan,Peter Rowan,7,5,a_faithful_pca_2021-06-11; a_faithful_pca_2022-03-14; nae_withdrawal_protest_2022; overture_15_negative_votes_2022; overture_37_minority_2021; overture_37_negative_votes_2021; warhurst_protest_2019,a_faithful_pca; nae_withdrawal_protest_2022; overture_15_2022; overture_37_2021; warhurst_protest_2019,formal_protest_signature; minority_report_signature; public_letter_signature; recorded_negative_vote,a_faithful_pca_2021-06-11::signature:147; a_faithful_pca_2022-03-14::signature:166; nae_withdrawal_protest_2022::print_order:148; overture_15_negative_votes_2022::print_order:149; overture_37_minority_2021::print_order:21; overture_37_negative_votes_2021::print_order:162; warhurst_protest_2019::print_order:130
scott-sauls,Scott Sauls,7,6,a_faithful_pca_2021-06-11; a_faithful_pca_2022-03-14; nae_withdrawal_protest_2022; national_partnership_confirmed_members; overture_15_negative_votes_2022; overture_37_negative_votes_2021; warhurst_protest_2019,a_faithful_pca; nae_withdrawal_protest_2022; national_partnership; overture_15_2022; overture_37_2021; warhurst_protest_2019,formal_organization_membership; formal_protest_signature; public_letter_signature; recorded_negative_vote,a_faithful_pca_2021-06-11::signature:20; a_faithful_pca_2022-03-14::signature:20; nae_withdrawal_protest_2022::print_order:153; national_partnership_confirmed_members::confirmed_member:130:scott sauls; overture_15_negative_votes_2022::print_order:154; overture_37_negative_votes_2021::print_order:166; warhurst_protest_2019::print_order:97
sean-lucas,Sean Lucas,7,6,amr_leadership_current; amr_website_media_2023_2026; amr_youtube_media_2023_2026; institution_reformed-theological-seminary; national_partnership_confirmed_members; publication_co-laborers-co-heirs-2019; publication_heal-us-emmanuel-2016,amr_leadership; amr_media; institution_reformed-theological-seminary; national_partnership; publication_co-laborers-co-heirs-2019; publication_heal-us-emmanuel-2016,formal_organization_leadership; formal_organization_membership; institutional_role; media_authorship_or_participation; media_participation; publication_contribution,amr_leadership_current::aff-lucas-amr-current; amr_website_media_2023_2026::item:100:contributor:1:https://a4mr.org/courtesy-and-civility-how-christians-ought-to-engage-each-other-and-the-public-square/; amr_website_media_2023_2026::item:104:contributor:1:https://a4mr.org/hope-full-presbyterianism/; amr_website_media_2023_2026::item:29:contributor:1:https://a4mr.org/faithful-to-the-scriptures-the-pcas-bedrock-commitment/; amr_website_media_2023_2026::item:37:contributor:1:https://a4mr.org/all-for-loves-sake/; amr_website_media_2023_2026::item:47:contributor:1:https://a4mr.org/working-for-the-unity-of-the-church-during-the-reformation/; amr_website_media_2023_2026::item:51:contributor:1:https://a4mr.org/from-sunday-to-monday-why-connecting-vocation-and-discipleship-is-central-to-the-christian-life/; amr_website_media_2023_2026::item:57:contributor:1:https://a4mr.org/general-assembly-recap-the-good-the-adequate-and-the-ugly/; amr_website_media_2023_2026::item:62:contributor:1:https://a4mr.org/theological-triage-at-the-pca-general-assembly/; amr_website_media_2023_2026::item:64:contributor:1:https://a4mr.org/presbyterianism-is-good-for-you/; amr_website_media_2023_2026::item:8:contributor:1:https://a4mr.org/presbyterian-theological-vision-part-seven/; amr_youtube_media_2023_2026::video:mHrRbj6BSKM:participant:2; amr_youtube_media_2023_2026::video:zYRv7vG5xKA:participant:1; institution_reformed-theological-seminary::role:381:reformed-theological-seminary:line:150; national_partnership_confirmed_members::confirmed_member:132:sean lucas; publication_co-laborers-co-heirs-2019::chapter:21:contributor:1; publication_heal-us-emmanuel-2016::chapter:18:contributor:1
dan-adamson,Dan Adamson,6,5,a_faithful_pca_2021-06-11; a_faithful_pca_2022-03-14; national_partnership_confirmed_members; overture_15_negative_votes_2022; overture_37_negative_votes_2021; warhurst_protest_2019,a_faithful_pca; national_partnership; overture_15_2022; overture_37_2021; warhurst_protest_2019,formal_organization_membership; formal_protest_signature; public_letter_signature; recorded_negative_vote,a_faithful_pca_2021-06-11::signature:131; a_faithful_pca_2022-03-14::signature:150; national_partnership_confirmed_members::confirmed_member:30:dan adamson; overture_15_negative_votes_2022::print_order:2; overture_37_negative_votes_2021::print_order:1; warhurst_protest_2019::print_order:138
doug-serven,Doug Serven,6,5,a_faithful_pca_2021-06-11; a_faithful_pca_2022-03-14; nae_withdrawal_protest_2022; overture_15_negative_votes_2022; overture_37_negative_votes_2021; warhurst_protest_2019,a_faithful_pca; nae_withdrawal_protest_2022; overture_15_2022; overture_37_2021; warhurst_protest_2019,formal_protest_signature; public_letter_signature; recorded_negative_vote,a_faithful_pca_2021-06-11::signature:126; a_faithful_pca_2022-03-14::signature:145; nae_withdrawal_protest_2022::print_order:158; overture_15_negative_votes_2022::print_order:157; overture_37_negative_votes_2021::print_order:173; warhurst_protest_2019::print_order:1
jeff-suhr,Jeff Suhr,6,5,a_faithful_pca_2021-06-11; a_faithful_pca_2022-03-14; nae_withdrawal_protest_2022; overture_15_negative_votes_2022; overture_37_negative_votes_2021; warhurst_protest_2019,a_faithful_pca; nae_withdrawal_protest_2022; overture_15_2022; overture_37_2021; warhurst_protest_2019,formal_protest_signature; public_letter_signature; recorded_negative_vote,a_faithful_pca_2021-06-11::signature:356; a_faithful_pca_2022-03-14::signature:371; nae_withdrawal_protest_2022::print_order:169; overture_15_negative_votes_2022::print_order:174; overture_37_negative_votes_2021::print_order:180; warhurst_protest_2019::print_order:42
jeremy-fair,Jeremy Fair,6,5,a_faithful_pca_2021-06-11; a_faithful_pca_2022-03-14; nae_withdrawal_protest_2022; overture_15_negative_votes_2022; overture_37_negative_votes_2021; warhurst_protest_2019,a_faithful_pca; nae_withdrawal_protest_2022; overture_15_2022; overture_37_2021; warhurst_protest_2019,formal_protest_signature; public_letter_signature; recorded_negative_vote,a_faithful_pca_2021-06-11::signature:238; a_faithful_pca_2022-03-14::signature:256; nae_withdrawal_protest_2022::print_order:47; overture_15_negative_votes_2022::print_order:50; overture_37_negative_votes_2021::print_order:60; warhurst_protest_2019::print_order:155
mike-khandjian,Mike Khandjian,6,5,a_faithful_pca_2021-06-11; a_faithful_pca_2022-03-14; national_partnership_confirmed_members; overture_15_negative_votes_2022; overture_37_negative_votes_2021; publication_heal-us-emmanuel-2016,a_faithful_pca; national_partnership; overture_15_2022; overture_37_2021; publication_heal-us-emmanuel-2016,formal_organization_membership; public_letter_signature; publication_contribution; recorded_negative_vote,a_faithful_pca_2021-06-11::signature:110; a_faithful_pca_2022-03-14::signature:129; national_partnership_confirmed_members::confirmed_member:105:mike khandjian; overture_15_negative_votes_2022::print_order:87; overture_37_negative_votes_2021::print_order:105; publication_heal-us-emmanuel-2016::chapter:25:contributor:1
russ-ramsey,Russ Ramsey,6,5,a_faithful_pca_2021-06-11; a_faithful_pca_2022-03-14; nae_withdrawal_protest_2022; overture_15_negative_votes_2022; overture_37_negative_votes_2021; warhurst_protest_2019,a_faithful_pca; nae_withdrawal_protest_2022; overture_15_2022; overture_37_2021; warhurst_protest_2019,formal_protest_signature; public_letter_signature; recorded_negative_vote,a_faithful_pca_2021-06-11::signature:375; a_faithful_pca_2022-03-14::signature:386; nae_withdrawal_protest_2022::print_order:137; overture_15_negative_votes_2022::print_order:142; overture_37_negative_votes_2021::print_order:152; warhurst_protest_2019::print_order:152
travis-scott,Travis Scott,6,5,a_faithful_pca_2021-06-11; a_faithful_pca_2022-03-14; nae_withdrawal_protest_2022; overture_15_negative_votes_2022; overture_37_negative_votes_2021; warhurst_protest_2019,a_faithful_pca; nae_withdrawal_protest_2022; overture_15_2022; overture_37_2021; warhurst_protest_2019,formal_protest_signature; public_letter_signature; recorded_negative_vote,a_faithful_pca_2021-06-11::signature:129; a_faithful_pca_2022-03-14::signature:148; nae_withdrawal_protest_2022::print_order:157; overture_15_negative_votes_2022::print_order:156; overture_37_negative_votes_2021::print_order:170; warhurst_protest_2019::print_order:169
trevor-laurence,Trevor Laurence,6,5,a_faithful_pca_2022-03-14; formal_role_overture_37; overture_15_negative_votes_2022; overture_37_minority_2021; overture_37_negative_votes_2021; warhurst_protest_2019,a_faithful_pca; laurence_o37_first_person_article; overture_15_2022; overture_37_2021; warhurst_protest_2019,first_person_authorship_and_presentation_statement; formal_protest_signature; minority_report_signature; public_letter_signature; recorded_negative_vote,a_faithful_pca_2022-03-14::signature:665; formal_role_overture_37::role:1:principal_author_and_presenter; overture_15_negative_votes_2022::print_order:101; overture_37_minority_2021::print_order:14; overture_37_negative_votes_2021::print_order:112; warhurst_protest_2019::print_order:95
aaron-baker,Aaron Baker,5,4,a_faithful_pca_2021-06-11; a_faithful_pca_2022-03-14; formal_position_2009-overture-10-women-roles-study-minority-report; national_partnership_confirmed_members; warhurst_protest_2019,a_faithful_pca; ga_2009_formal_positions; national_partnership; warhurst_protest_2019,formal_organization_membership; formal_protest_signature; formal_report_concurrence; public_letter_signature,a_faithful_pca_2021-06-11::signature:220; a_faithful_pca_2022-03-14::signature:238; formal_position_2009-overture-10-women-roles-study-minority-report::2009-overture-10-women-roles-study-minority-report:signer:27; national_partnership_confirmed_members::confirmed_member:1:aaron baker; warhurst_protest_2019::print_order:177
alexander-jun,Alexander Jun,5,4,a_faithful_pca_2021-06-11; a_faithful_pca_2022-03-14; publication_heal-us-emmanuel-2016; publication_hear-us-emmanuel-2020; warhurst_protest_2019,a_faithful_pca; publication_heal-us-emmanuel-2016; publication_hear-us-emmanuel-2020; warhurst_protest_2019,formal_protest_signature; public_letter_signature; publication_contribution,a_faithful_pca_2021-06-11::signature:4; a_faithful_pca_2022-03-14::signature:4; publication_heal-us-emmanuel-2016::chapter:3:contributor:1; publication_hear-us-emmanuel-2020::chapter:25:contributor:1; warhurst_protest_2019::print_order:25
andrew-augenstein,Andrew Augenstein,5,4,a_faithful_pca_2021-06-11; a_faithful_pca_2022-03-14; nae_withdrawal_protest_2022; overture_15_negative_votes_2022; overture_37_negative_votes_2021,a_faithful_pca; nae_withdrawal_protest_2022; overture_15_2022; overture_37_2021,formal_protest_signature; public_letter_signature; recorded_negative_vote,a_faithful_pca_2021-06-11::signature:473; a_faithful_pca_2022-03-14::signature:477; nae_withdrawal_protest_2022::print_order:6; overture_15_negative_votes_2022::print_order:6; overture_37_negative_votes_2021::print_order:7
andy-moehn,Andy Moehn,5,4,a_faithful_pca_2021-06-11; a_faithful_pca_2022-03-14; national_partnership_confirmed_members; overture_15_negative_votes_2022; warhurst_protest_2019,a_faithful_pca; national_partnership; overture_15_2022; warhurst_protest_2019,formal_organization_membership; formal_protest_signature; public_letter_signature; recorded_negative_vote,a_faithful_pca_2021-06-11::signature:50; a_faithful_pca_2022-03-14::signature:70; national_partnership_confirmed_members::confirmed_member:3:andy moehn; overture_15_negative_votes_2022::print_order:125; warhurst_protest_2019::print_order:26
austin-pfeiffer,Austin Pfeiffer,5,4,a_faithful_pca_2021-06-11; a_faithful_pca_2022-03-14; national_partnership_confirmed_members; overture_37_negative_votes_2021; warhurst_protest_2019,a_faithful_pca; national_partnership; overture_37_2021; warhurst_protest_2019,formal_organization_membership; formal_protest_signature; public_letter_signature; recorded_negative_vote,a_faithful_pca_2021-06-11::signature:101; a_faithful_pca_2022-03-14::signature:120; national_partnership_confirmed_members::confirmed_member:5:austin pfeiffer; overture_37_negative_votes_2021::print_order:144; warhurst_protest_2019::print_order:24
brian-lopiccolo,Brian LoPiccolo,5,3,a_faithful_pca_2021-06-11; a_faithful_pca_2022-03-14; overture_37_minority_2021; overture_37_negative_votes_2021; warhurst_protest_2019,a_faithful_pca; overture_37_2021; warhurst_protest_2019,formal_protest_signature; minority_report_signature; public_letter_signature; recorded_negative_vote,a_faithful_pca_2021-06-11::signature:377; a_faithful_pca_2022-03-14::signature:387; overture_37_minority_2021::print_order:15; overture_37_negative_votes_2021::print_order:121; warhurst_protest_2019::print_order:47
cal-boroughs,Cal Boroughs,5,4,a_faithful_pca_2021-06-11; a_faithful_pca_2022-03-14; formal_position_2008-overture-9-deaconess-study-minority-report; formal_position_2009-overture-10-women-roles-study-minority-report; overture_37_minority_2021,a_faithful_pca; ga_2008_formal_positions; ga_2009_formal_positions; overture_37_2021,formal_report_concurrence; minority_report_signature; public_letter_signature,a_faithful_pca_2021-06-11::signature:25; a_faithful_pca_2022-03-14::signature:25; formal_position_2008-overture-9-deaconess-study-minority-report::2008-overture-9-deaconess-study-minority-report:signer:5; formal_position_2009-overture-10-women-roles-study-minority-report::2009-overture-10-women-roles-study-minority-report:signer:4; overture_37_minority_2021::print_order:2
chris-smith,Chris Smith,5,4,a_faithful_pca_2021-06-11; a_faithful_pca_2022-03-14; overture_15_negative_votes_2022; overture_37_negative_votes_2021; warhurst_protest_2019,a_faithful_pca; overture_15_2022; overture_37_2021; warhurst_protest_2019,formal_protest_signature; public_letter_signature; recorded_negative_vote,a_faithful_pca_2021-06-11::signature:453; a_faithful_pca_2022-03-14::signature:460; overture_15_negative_votes_2022::print_order:166; overture_37_negative_votes_2021::print_order:178; warhurst_protest_2019::print_order:59
david-driskill,David Driskill,5,4,a_faithful_pca_2021-06-11; a_faithful_pca_2022-03-14; nae_withdrawal_protest_2022; overture_15_negative_votes_2022; overture_37_negative_votes_2021,a_faithful_pca; nae_withdrawal_protest_2022; overture_15_2022; overture_37_2021,formal_protest_signature; public_letter_signature; recorded_negative_vote,a_faithful_pca_2021-06-11::signature:460; a_faithful_pca_2022-03-14::signature:467; nae_withdrawal_protest_2022::print_order:41; overture_15_negative_votes_2022::print_order:43; overture_37_negative_votes_2021::print_order:54
duke-kwon,Duke Kwon,5,4,a_faithful_pca_2021-06-11; a_faithful_pca_2022-03-14; overture_15_negative_votes_2022; publication_heal-us-emmanuel-2016; publication_hear-us-emmanuel-2020,a_faithful_pca; overture_15_2022; publication_heal-us-emmanuel-2016; publication_hear-us-emmanuel-2020,public_letter_signature; publication_contribution; recorded_negative_vote,a_faithful_pca_2021-06-11::signature:173; a_faithful_pca_2022-03-14::signature:192; overture_15_negative_votes_2022::print_order:98; publication_heal-us-emmanuel-2016::chapter:24:contributor:1; publication_hear-us-emmanuel-2020::chapter:26:contributor:1
ethan-smith,Ethan Smith,5,4,a_faithful_pca_2021-06-11; a_faithful_pca_2022-03-14; nae_withdrawal_protest_2022; national_partnership_confirmed_members; warhurst_protest_2019,a_faithful_pca; nae_withdrawal_protest_2022; national_partnership; warhurst_protest_2019,formal_organization_membership; formal_protest_signature; public_letter_signature,a_faithful_pca_2021-06-11::signature:128; a_faithful_pca_2022-03-14::signature:147; nae_withdrawal_protest_2022::print_order:160; national_partnership_confirmed_members::confirmed_member:56:ethan smith; warhurst_protest_2019::print_order:61
hansoo-jin,Hansoo Jin,5,4,a_faithful_pca_2021-06-11; a_faithful_pca_2022-03-14; national_partnership_confirmed_members; overture_15_negative_votes_2022; overture_37_negative_votes_2021,a_faithful_pca; national_partnership; overture_15_2022; overture_37_2021,formal_organization_membership; public_letter_signature; recorded_negative_vote,a_faithful_pca_2021-06-11::signature:195; a_faithful_pca_2022-03-14::signature:214; national_partnership_confirmed_members::confirmed_member:64:hansoo jin; overture_15_negative_votes_2022::print_order:75; overture_37_negative_votes_2021::print_order:93
jason-bobo,Jason Bobo,5,4,a_faithful_pca_2021-06-11; a_faithful_pca_2022-03-14; nae_withdrawal_protest_2022; overture_15_negative_votes_2022; warhurst_protest_2019,a_faithful_pca; nae_withdrawal_protest_2022; overture_15_2022; warhurst_protest_2019,formal_protest_signature; public_letter_signature; recorded_negative_vote,a_faithful_pca_2021-06-11::signature:369; a_faithful_pca_2022-03-14::signature:381; nae_withdrawal_protest_2022::print_order:17; overture_15_negative_votes_2022::print_order:14; warhurst_protest_2019::print_order:136
jason-cornwell,Jason Cornwell,5,3,a_faithful_pca_2021-06-11; a_faithful_pca_2022-03-14; overture_15_negative_votes_2022; overture_37_minority_2021; overture_37_negative_votes_2021,a_faithful_pca; overture_15_2022; overture_37_2021,minority_report_signature; public_letter_signature; recorded_negative_vote,a_faithful_pca_2021-06-11::signature:139; a_faithful_pca_2022-03-14::signature:158; overture_15_negative_votes_2022::print_order:34; overture_37_minority_2021::print_order:6; overture_37_negative_votes_2021::print_order:43
joe-thompson,Joe Thompson,5,4,a_faithful_pca_2021-06-11; a_faithful_pca_2022-03-14; nae_withdrawal_protest_2022; overture_37_negative_votes_2021; warhurst_protest_2019,a_faithful_pca; nae_withdrawal_protest_2022; overture_37_2021; warhurst_protest_2019,formal_protest_signature; public_letter_signature; recorded_negative_vote,a_faithful_pca_2021-06-11::signature:179; a_faithful_pca_2022-03-14::signature:198; nae_withdrawal_protest_2022::print_order:178; overture_37_negative_votes_2021::print_order:188; warhurst_protest_2019::print_order:133
joel-st-clair,Joel St. Clair,5,4,amr_leadership_current; amr_website_media_2023_2026; amr_youtube_media_2023_2026; national_partnership_confirmed_members; publication_heal-us-emmanuel-2016,amr_leadership; amr_media; national_partnership; publication_heal-us-emmanuel-2016,formal_organization_leadership; formal_organization_membership; media_authorship_or_participation; media_participation; publication_contribution,amr_leadership_current::aff-stclair-amr-current; amr_website_media_2023_2026::item:102:contributor:2:https://a4mr.org/the-genesis-of-the-fellowship-gathering/; amr_website_media_2023_2026::item:108:contributor:1:https://a4mr.org/838-2/; amr_website_media_2023_2026::item:38:contributor:1:https://a4mr.org/taking-the-temperature-of-the-pca/; amr_website_media_2023_2026::item:51:contributor:2:https://a4mr.org/from-sunday-to-monday-why-connecting-vocation-and-discipleship-is-central-to-the-christian-life/; amr_website_media_2023_2026::item:57:contributor:2:https://a4mr.org/general-assembly-recap-the-good-the-adequate-and-the-ugly/; amr_website_media_2023_2026::item:61:contributor:1:https://a4mr.org/overtures-discussion-with-david-coffin-howie-donahoe-fred-greco-and-joel-st-clair-general-assembly-2025/; amr_website_media_2023_2026::item:67:contributor:1:https://a4mr.org/the-fellowship-gathering-2025-an-invitation-to-connect/; amr_youtube_media_2023_2026::video:D-SF45Bd62E:participant:4; amr_youtube_media_2023_2026::video:Y86FgB4lytc:participant:3; amr_youtube_media_2023_2026::video:Z_toUjmYEOc:participant:4; amr_youtube_media_2023_2026::video:bqt1SSgo-Yo:participant:4; amr_youtube_media_2023_2026::video:zYRv7vG5xKA:participant:2; national_partnership_confirmed_members::confirmed_member:80:joel st clair; publication_heal-us-emmanuel-2016::chapter:30:contributor:1
jonathan-winfree,Jonathan Winfree,5,4,a_faithful_pca_2021-06-11; a_faithful_pca_2022-03-14; nae_withdrawal_protest_2022; national_partnership_confirmed_members; warhurst_protest_2019,a_faithful_pca; nae_withdrawal_protest_2022; national_partnership; warhurst_protest_2019,formal_organization_membership; formal_protest_signature; public_letter_signature,a_faithful_pca_2021-06-11::signature:535; a_faithful_pca_2022-03-14::signature:530; nae_withdrawal_protest_2022::print_order:198; national_partnership_confirmed_members::confirmed_member:86:jonathan winfree; warhurst_protest_2019::print_order:111
keith-robinson,Keith Robinson,5,4,a_faithful_pca_2021-06-11; a_faithful_pca_2022-03-14; nae_withdrawal_protest_2022; overture_37_negative_votes_2021; warhurst_protest_2019,a_faithful_pca; nae_withdrawal_protest_2022; overture_37_2021; warhurst_protest_2019,formal_protest_signature; public_letter_signature; recorded_negative_vote,a_faithful_pca_2021-06-11::signature:190; a_faithful_pca_2022-03-14::signature:209; nae_withdrawal_protest_2022::print_order:141; overture_37_negative_votes_2021::print_order:161; warhurst_protest_2019::print_order:71
ken-kostrzewa,Ken Kostrzewa,5,4,a_faithful_pca_2021-06-11; a_faithful_pca_2022-03-14; nae_withdrawal_protest_2022; overture_15_negative_votes_2022; warhurst_protest_2019,a_faithful_pca; nae_withdrawal_protest_2022; overture_15_2022; warhurst_protest_2019,formal_protest_signature; public_letter_signature; recorded_negative_vote,a_faithful_pca_2021-06-11::signature:69; a_faithful_pca_2022-03-14::signature:89; nae_withdrawal_protest_2022::print_order:98; overture_15_negative_votes_2022::print_order:95; warhurst_protest_2019::print_order:8
kyle-hackmann,Kyle Hackmann,5,4,a_faithful_pca_2021-06-11; a_faithful_pca_2022-03-14; national_partnership_confirmed_members; overture_15_negative_votes_2022; warhurst_protest_2019,a_faithful_pca; national_partnership; overture_15_2022; warhurst_protest_2019,formal_organization_membership; formal_protest_signature; public_letter_signature; recorded_negative_vote,a_faithful_pca_2021-06-11::signature:70; a_faithful_pca_2022-03-14::signature:90; national_partnership_confirmed_members::confirmed_member:97:kyle hackmann; overture_15_negative_votes_2022::print_order:59; warhurst_protest_2019::print_order:129
paul-richardson,Paul Richardson,5,4,a_faithful_pca_2021-06-11; a_faithful_pca_2022-03-14; overture_37_negative_votes_2021; subscription_overture_16_minority_report_2003; warhurst_protest_2019,a_faithful_pca; ga_2003_subscription_formal_positions; overture_37_2021; warhurst_protest_2019,formal_protest_signature; minority_report_signature; public_letter_signature; recorded_negative_vote,a_faithful_pca_2021-06-11::signature:82; a_faithful_pca_2022-03-14::signature:102; overture_37_negative_votes_2021::print_order:156; subscription_overture_16_minority_report_2003::overture16_minority_signer:12; warhurst_protest_2019::print_order:69
russ-whitfield,Russ Whitfield,5,4,amr_leadership_current; amr_website_media_2023_2026; amr_youtube_media_2023_2026; institution_reformed-university-fellowship; publication_heal-us-emmanuel-2016,amr_leadership; amr_media; institution_reformed-university-fellowship; publication_heal-us-emmanuel-2016,formal_organization_leadership; institutional_role; media_authorship_or_participation; media_participation; publication_contribution,amr_leadership_current::aff-whitfield-amr-current; amr_website_media_2023_2026::item:103:contributor:1:https://a4mr.org/the-ministry-of-encouragement/; amr_website_media_2023_2026::item:115:contributor:1:https://a4mr.org/the-lords-supper-soul-food/; amr_website_media_2023_2026::item:52:contributor:1:https://a4mr.org/preaching-the-good-news-in-a-changing-world-a-conversation-with-russ-whitfield-aaron-chung-and-paul-kim/; amr_youtube_media_2023_2026::video:5oxfx1O4Gjs:participant:1; institution_reformed-university-fellowship::role:429:reformed-university-fellowship:line:57; publication_heal-us-emmanuel-2016::chapter:28:contributor:1
taylor-leachman,Taylor Leachman,5,4,a_faithful_pca_2021-06-11; a_faithful_pca_2022-03-14; nae_withdrawal_protest_2022; overture_15_negative_votes_2022; warhurst_protest_2019,a_faithful_pca; nae_withdrawal_protest_2022; overture_15_2022; warhurst_protest_2019,formal_protest_signature; public_letter_signature; recorded_negative_vote,a_faithful_pca_2021-06-11::signature:487; a_faithful_pca_2022-03-14::signature:490; nae_withdrawal_protest_2022::print_order:102; overture_15_negative_votes_2022::print_order:102; warhurst_protest_2019::print_order:202
tim-jackson,Tim Jackson,5,3,a_faithful_pca_2021-06-11; a_faithful_pca_2022-03-14; overture_37_minority_2021; overture_37_negative_votes_2021; warhurst_protest_2019,a_faithful_pca; overture_37_2021; warhurst_protest_2019,formal_protest_signature; minority_report_signature; public_letter_signature; recorded_negative_vote,a_faithful_pca_2021-06-11::signature:526; a_faithful_pca_2022-03-14::signature:521; overture_37_minority_2021::print_order:12; overture_37_negative_votes_2021::print_order:92; warhurst_protest_2019::print_order:165
adam-lopez,Adam Lopez,4,3,a_faithful_pca_2021-06-11; a_faithful_pca_2022-03-14; nae_withdrawal_protest_2022; overture_37_negative_votes_2021,a_faithful_pca; nae_withdrawal_protest_2022; overture_37_2021,formal_protest_signature; public_letter_signature; recorded_negative_vote,a_faithful_pca_2021-06-11::signature:156; a_faithful_pca_2022-03-14::signature:175; nae_withdrawal_protest_2022::print_order:111; overture_37_negative_votes_2021::print_order:120
bj-milgate,BJ Milgate,4,3,a_faithful_pca_2021-06-11; a_faithful_pca_2022-03-14; overture_15_negative_votes_2022; warhurst_protest_2019,a_faithful_pca; overture_15_2022; warhurst_protest_2019,formal_protest_signature; public_letter_signature; recorded_negative_vote,a_faithful_pca_2021-06-11::signature:518; a_faithful_pca_2022-03-14::signature:516; overture_15_negative_votes_2022::print_order:123; warhurst_protest_2019::print_order:82
brad-edwards,Brad Edwards,4,3,a_faithful_pca_2021-06-11; a_faithful_pca_2022-03-14; overture_15_negative_votes_2022; warhurst_protest_2019,a_faithful_pca; overture_15_2022; warhurst_protest_2019,formal_protest_signature; public_letter_signature; recorded_negative_vote,a_faithful_pca_2021-06-11::signature:159; a_faithful_pca_2022-03-14::signature:178; overture_15_negative_votes_2022::print_order:48; warhurst_protest_2019::print_order:80
brad-lucht,Brad Lucht,4,3,a_faithful_pca_2021-06-11; a_faithful_pca_2022-03-14; overture_15_negative_votes_2022; overture_37_negative_votes_2021,a_faithful_pca; overture_15_2022; overture_37_2021,public_letter_signature; recorded_negative_vote,a_faithful_pca_2021-06-11::signature:360; a_faithful_pca_2022-03-14::signature:374; overture_15_negative_votes_2022::print_order:117; overture_37_negative_votes_2021::print_order:124
bryce-hales,Bryce Hales,4,3,a_faithful_pca_2021-06-11; a_faithful_pca_2022-03-14; overture_15_negative_votes_2022; overture_37_negative_votes_2021,a_faithful_pca; overture_15_2022; overture_37_2021,public_letter_signature; recorded_negative_vote,a_faithful_pca_2021-06-11::signature:122; a_faithful_pca_2022-03-14::signature:141; overture_15_negative_votes_2022::print_order:61; overture_37_negative_votes_2021::print_order:81
caleb-click,Caleb Click,4,3,a_faithful_pca_2021-06-11; a_faithful_pca_2022-03-14; nae_withdrawal_protest_2022; overture_15_negative_votes_2022,a_faithful_pca; nae_withdrawal_protest_2022; overture_15_2022,formal_protest_signature; public_letter_signature; recorded_negative_vote,a_faithful_pca_2021-06-11::signature:102; a_faithful_pca_2022-03-14::signature:121; nae_withdrawal_protest_2022::print_order:30; overture_15_negative_votes_2022::print_order:30
clay-holland,Clay Holland,4,3,a_faithful_pca_2021-06-11; a_faithful_pca_2022-03-14; national_partnership_confirmed_members; warhurst_protest_2019,a_faithful_pca; national_partnership; warhurst_protest_2019,formal_organization_membership; formal_protest_signature; public_letter_signature,a_faithful_pca_2021-06-11::signature:463; a_faithful_pca_2022-03-14::signature:470; national_partnership_confirmed_members::confirmed_member:28:clay holland; warhurst_protest_2019::print_order:68
dan-katches,Dan Katches,4,4,a_faithful_pca_2022-03-14; nae_withdrawal_protest_2022; overture_37_negative_votes_2021; warhurst_protest_2019,a_faithful_pca; nae_withdrawal_protest_2022; overture_37_2021; warhurst_protest_2019,formal_protest_signature; public_letter_signature; recorded_negative_vote,a_faithful_pca_2022-03-14::signature:609; nae_withdrawal_protest_2022::print_order:83; overture_37_negative_votes_2021::print_order:99; warhurst_protest_2019::print_order:76
david-keithley,David Keithley,4,4,formal_position_2008-overture-9-deaconess-study-minority-report; overture_15_negative_votes_2022; overture_37_negative_votes_2021; warhurst_protest_2019,ga_2008_formal_positions; overture_15_2022; overture_37_2021; warhurst_protest_2019,formal_protest_signature; formal_report_concurrence; recorded_negative_vote,formal_position_2008-overture-9-deaconess-study-minority-report::2008-overture-9-deaconess-study-minority-report:signer:2; overture_15_negative_votes_2022::print_order:83; overture_37_negative_votes_2021::print_order:102; warhurst_protest_2019::print_order:6
david-schweissing,David Schweissing,4,3,a_faithful_pca_2021-06-11; a_faithful_pca_2022-03-14; nae_withdrawal_protest_2022; warhurst_protest_2019,a_faithful_pca; nae_withdrawal_protest_2022; warhurst_protest_2019,formal_protest_signature; public_letter_signature,a_faithful_pca_2021-06-11::signature:217; a_faithful_pca_2022-03-14::signature:235; nae_withdrawal_protest_2022::print_order:156; warhurst_protest_2019::print_order:86
glenn-hoburg,Glenn Hoburg,4,3,a_faithful_pca_2021-06-11; a_faithful_pca_2022-03-14; national_partnership_confirmed_members; warhurst_protest_2019,a_faithful_pca; national_partnership; warhurst_protest_2019,formal_organization_membership; formal_protest_signature; public_letter_signature,a_faithful_pca_2021-06-11::signature:21; a_faithful_pca_2022-03-14::signature:21; national_partnership_confirmed_members::confirmed_member:60:glenn hoburg; warhurst_protest_2019::print_order:154
greg-meyer,Greg Meyer,4,3,a_faithful_pca_2021-06-11; a_faithful_pca_2022-03-14; overture_37_negative_votes_2021; warhurst_protest_2019,a_faithful_pca; overture_37_2021; warhurst_protest_2019,formal_protest_signature; public_letter_signature; recorded_negative_vote,a_faithful_pca_2021-06-11::signature:495; a_faithful_pca_2022-03-14::signature:498; overture_37_negative_votes_2021::print_order:130; warhurst_protest_2019::print_order:40
hace-cargo,Hace Cargo,4,3,a_faithful_pca_2021-06-11; a_faithful_pca_2022-03-14; national_partnership_confirmed_members; warhurst_protest_2019,a_faithful_pca; national_partnership; warhurst_protest_2019,formal_organization_membership; formal_protest_signature; public_letter_signature,a_faithful_pca_2021-06-11::signature:148; a_faithful_pca_2022-03-14::signature:167; national_partnership_confirmed_members::confirmed_member:63:hace cargo; warhurst_protest_2019::print_order:160
james-han,James Han,4,3,a_faithful_pca_2021-06-11; a_faithful_pca_2022-03-14; overture_15_negative_votes_2022; warhurst_protest_2019,a_faithful_pca; overture_15_2022; warhurst_protest_2019,formal_protest_signature; public_letter_signature; recorded_negative_vote,a_faithful_pca_2021-06-11::signature:339; a_faithful_pca_2022-03-14::signature:355; overture_15_negative_votes_2022::print_order:62; warhurst_protest_2019::print_order:7
james-kessler,James Kessler,4,3,a_faithful_pca_2021-06-11; a_faithful_pca_2022-03-14; national_partnership_confirmed_members; overture_37_negative_votes_2021,a_faithful_pca; national_partnership; overture_37_2021,formal_organization_membership; public_letter_signature; recorded_negative_vote,a_faithful_pca_2021-06-11::signature:109; a_faithful_pca_2022-03-14::signature:128; national_partnership_confirmed_members::confirmed_member:70:james kessler; overture_37_negative_votes_2021::print_order:104
jason-polk,Jason Polk,4,3,a_faithful_pca_2021-06-11; a_faithful_pca_2022-03-14; national_partnership_confirmed_members; warhurst_protest_2019,a_faithful_pca; national_partnership; warhurst_protest_2019,formal_organization_membership; formal_protest_signature; public_letter_signature,a_faithful_pca_2021-06-11::signature:340; a_faithful_pca_2022-03-14::signature:356; national_partnership_confirmed_members::confirmed_member:72:jason polk; warhurst_protest_2019::print_order:140
joel-branscomb,Joel Branscomb,4,4,nae_withdrawal_protest_2022; overture_15_negative_votes_2022; overture_37_negative_votes_2021; warhurst_protest_2019,nae_withdrawal_protest_2022; overture_15_2022; overture_37_2021; warhurst_protest_2019,formal_protest_signature; recorded_negative_vote,nae_withdrawal_protest_2022::print_order:20; overture_15_negative_votes_2022::print_order:18; overture_37_negative_votes_2021::print_order:24; warhurst_protest_2019::print_order:161
joshua-reitano,Joshua Reitano,4,3,a_faithful_pca_2021-06-11; a_faithful_pca_2022-03-14; national_partnership_confirmed_members; overture_37_negative_votes_2021,a_faithful_pca; national_partnership; overture_37_2021,formal_organization_membership; public_letter_signature; recorded_negative_vote,a_faithful_pca_2021-06-11::signature:170; a_faithful_pca_2022-03-14::signature:189; national_partnership_confirmed_members::confirmed_member:89:joshua reitano; overture_37_negative_votes_2021::print_order:154
justin-edgar,Justin Edgar,4,3,a_faithful_pca_2021-06-11; a_faithful_pca_2022-03-14; overture_15_negative_votes_2022; warhurst_protest_2019,a_faithful_pca; overture_15_2022; warhurst_protest_2019,formal_protest_signature; public_letter_signature; recorded_negative_vote,a_faithful_pca_2021-06-11::signature:194; a_faithful_pca_2022-03-14::signature:213; overture_15_negative_votes_2022::print_order:46; warhurst_protest_2019::print_order:171
kevin-timmons,Kevin Timmons,4,3,a_faithful_pca_2021-06-11; a_faithful_pca_2022-03-14; nae_withdrawal_protest_2022; overture_37_negative_votes_2021,a_faithful_pca; nae_withdrawal_protest_2022; overture_37_2021,formal_protest_signature; public_letter_signature; recorded_negative_vote,a_faithful_pca_2021-06-11::signature:399; a_faithful_pca_2022-03-14::signature:409; nae_withdrawal_protest_2022::print_order:180; overture_37_negative_votes_2021::print_order:189
mark-peach,Mark Peach,4,3,a_faithful_pca_2021-06-11; a_faithful_pca_2022-03-14; overture_15_negative_votes_2022; overture_37_negative_votes_2021,a_faithful_pca; overture_15_2022; overture_37_2021,public_letter_signature; recorded_negative_vote,a_faithful_pca_2021-06-11::signature:155; a_faithful_pca_2022-03-14::signature:174; overture_15_negative_votes_2022::print_order:136; overture_37_negative_votes_2021::print_order:142
matthew-trexler,Matthew Trexler,4,3,a_faithful_pca_2021-06-11; a_faithful_pca_2022-03-14; overture_37_negative_votes_2021; ruf_campus_catalog_2025,a_faithful_pca; institution_reformed-university-fellowship; overture_37_2021,public_letter_signature; recorded_negative_vote; ruf_campus_role_snapshot,a_faithful_pca_2021-06-11::signature:256; a_faithful_pca_2022-03-14::signature:274; overture_37_negative_votes_2021::print_order:191; ruf_campus_catalog_2025::catalog-role:248:page:236
michael-novak,Michael Novak,4,3,a_faithful_pca_2021-06-11; a_faithful_pca_2022-03-14; national_partnership_confirmed_members; warhurst_protest_2019,a_faithful_pca; national_partnership; warhurst_protest_2019,formal_organization_membership; formal_protest_signature; public_letter_signature,a_faithful_pca_2021-06-11::signature:396; a_faithful_pca_2022-03-14::signature:406; national_partnership_confirmed_members::confirmed_member:104:michael novak; warhurst_protest_2019::print_order:28
mike-mclaughlin,Mike McLaughlin,4,3,a_faithful_pca_2021-06-11; a_faithful_pca_2022-03-14; formal_position_2009-overture-10-women-roles-study-minority-report; warhurst_protest_2019,a_faithful_pca; ga_2009_formal_positions; warhurst_protest_2019,formal_protest_signature; formal_report_concurrence; public_letter_signature,a_faithful_pca_2021-06-11::signature:244; a_faithful_pca_2022-03-14::signature:262; formal_position_2009-overture-10-women-roles-study-minority-report::2009-overture-10-women-roles-study-minority-report:signer:18; warhurst_protest_2019::print_order:100
nicholas-davis,Nicholas Davis,4,3,a_faithful_pca_2021-06-11; a_faithful_pca_2022-03-14; overture_37_negative_votes_2021; warhurst_protest_2019,a_faithful_pca; overture_37_2021; warhurst_protest_2019,formal_protest_signature; public_letter_signature; recorded_negative_vote,a_faithful_pca_2021-06-11::signature:383; a_faithful_pca_2022-03-14::signature:393; overture_37_negative_votes_2021::print_order:45; warhurst_protest_2019::print_order:167
pat-hickman,Pat Hickman,4,3,a_faithful_pca_2021-06-11; a_faithful_pca_2022-03-14; national_partnership_confirmed_members; warhurst_protest_2019,a_faithful_pca; national_partnership; warhurst_protest_2019,formal_organization_membership; formal_protest_signature; public_letter_signature,a_faithful_pca_2021-06-11::signature:243; a_faithful_pca_2022-03-14::signature:261; national_partnership_confirmed_members::confirmed_member:112:pat hickman; warhurst_protest_2019::print_order:186
peter-kim,Peter Kim,4,3,a_faithful_pca_2021-06-11; a_faithful_pca_2022-03-14; nae_withdrawal_protest_2022; overture_15_negative_votes_2022,a_faithful_pca; nae_withdrawal_protest_2022; overture_15_2022,formal_protest_signature; public_letter_signature; recorded_negative_vote,a_faithful_pca_2021-06-11::signature:443; a_faithful_pca_2022-03-14::signature:450; nae_withdrawal_protest_2022::print_order:87; overture_15_negative_votes_2022::print_order:92
randy-lovelace,Randy Lovelace,4,3,a_faithful_pca_2021-06-11; a_faithful_pca_2022-03-14; overture_37_negative_votes_2021; warhurst_protest_2019,a_faithful_pca; overture_37_2021; warhurst_protest_2019,formal_protest_signature; public_letter_signature; recorded_negative_vote,a_faithful_pca_2021-06-11::signature:203; a_faithful_pca_2022-03-14::signature:221; overture_37_negative_votes_2021::print_order:123; warhurst_protest_2019::print_order:62
ryan-baker,Ryan Baker,4,3,a_faithful_pca_2021-06-11; a_faithful_pca_2022-03-14; overture_37_negative_votes_2021; warhurst_protest_2019,a_faithful_pca; overture_37_2021; warhurst_protest_2019,formal_protest_signature; public_letter_signature; recorded_negative_vote,a_faithful_pca_2021-06-11::signature:382; a_faithful_pca_2022-03-14::signature:392; overture_37_negative_votes_2021::print_order:9; warhurst_protest_2019::print_order:3
scott-brown,Scott Brown,4,3,a_faithful_pca_2021-06-11; a_faithful_pca_2022-03-14; overture_37_negative_votes_2021; warhurst_protest_2019,a_faithful_pca; overture_37_2021; warhurst_protest_2019,formal_protest_signature; public_letter_signature; recorded_negative_vote,a_faithful_pca_2021-06-11::signature:182; a_faithful_pca_2022-03-14::signature:201; overture_37_negative_votes_2021::print_order:27; warhurst_protest_2019::print_order:137
scott-seaton,Scott Seaton,4,3,a_faithful_pca_2021-06-11; a_faithful_pca_2022-03-14; overture_37_negative_votes_2021; warhurst_protest_2019,a_faithful_pca; overture_37_2021; warhurst_protest_2019,formal_protest_signature; public_letter_signature; recorded_negative_vote,a_faithful_pca_2021-06-11::signature:46; a_faithful_pca_2022-03-14::signature:66; overture_37_negative_votes_2021::print_order:172; warhurst_protest_2019::print_order:170
spencer-thomas,Spencer Thomas,4,3,a_faithful_pca_2021-06-11; a_faithful_pca_2022-03-14; overture_15_negative_votes_2022; overture_37_negative_votes_2021,a_faithful_pca; overture_15_2022; overture_37_2021,public_letter_signature; recorded_negative_vote,a_faithful_pca_2021-06-11::signature:470; a_faithful_pca_2022-03-14::signature:475; overture_15_negative_votes_2022::print_order:179; overture_37_negative_votes_2021::print_order:185
stephen-estock,Stephen Estock,4,4,amr_website_media_2023_2026; institution_cdm; nae_withdrawal_protest_2022; subscription_overture_16_minority_report_2003,amr_media; ga_2003_subscription_formal_positions; institution_cdm; nae_withdrawal_protest_2022,formal_protest_signature; institutional_role; media_authorship_or_participation; minority_report_signature,amr_website_media_2023_2026::item:94:contributor:3:https://a4mr.org/growing-together-webinar-preparing-for-the-harvest/; institution_cdm::role:1:cdm:line:18; nae_withdrawal_protest_2022::print_order:46; subscription_overture_16_minority_report_2003::overture16_minority_signer:5
steven-cooper,Steven Cooper,4,3,a_faithful_pca_2021-06-11; a_faithful_pca_2022-03-14; overture_37_negative_votes_2021; warhurst_protest_2019,a_faithful_pca; overture_37_2021; warhurst_protest_2019,formal_protest_signature; public_letter_signature; recorded_negative_vote,a_faithful_pca_2021-06-11::signature:523; a_faithful_pca_2022-03-14::signature:519; overture_37_negative_votes_2021::print_order:41; warhurst_protest_2019::print_order:158
travis-drake,Travis Drake,4,3,a_faithful_pca_2021-06-11; a_faithful_pca_2022-03-14; overture_37_negative_votes_2021; warhurst_protest_2019,a_faithful_pca; overture_37_2021; warhurst_protest_2019,formal_protest_signature; public_letter_signature; recorded_negative_vote,a_faithful_pca_2021-06-11::signature:423; a_faithful_pca_2022-03-14::signature:432; overture_37_negative_votes_2021::print_order:53; warhurst_protest_2019::print_order:83
vincent-hoppe,Vincent Hoppe,4,3,a_faithful_pca_2021-06-11; a_faithful_pca_2022-03-14; overture_15_negative_votes_2022; overture_37_negative_votes_2021,a_faithful_pca; overture_15_2022; overture_37_2021,public_letter_signature; recorded_negative_vote,a_faithful_pca_2021-06-11::signature:562; a_faithful_pca_2022-03-14::signature:554; overture_15_negative_votes_2022::print_order:67; overture_37_negative_votes_2021::print_order:85
walter-lee,Walter Lee,4,3,a_faithful_pca_2021-06-11; a_faithful_pca_2022-03-14; overture_15_negative_votes_2022; warhurst_protest_2019,a_faithful_pca; overture_15_2022; warhurst_protest_2019,formal_protest_signature; public_letter_signature; recorded_negative_vote,a_faithful_pca_2021-06-11::signature:51; a_faithful_pca_2022-03-14::signature:71; overture_15_negative_votes_2022::print_order:108; warhurst_protest_2019::print_order:121
abraham-cho,Abraham Cho,3,2,a_faithful_pca_2021-06-11; a_faithful_pca_2022-03-14; overture_15_negative_votes_2022,a_faithful_pca; overture_15_2022,public_letter_signature; recorded_negative_vote,a_faithful_pca_2021-06-11::signature:272; a_faithful_pca_2022-03-14::signature:33; overture_15_negative_votes_2022::print_order:26
adam-kirkton,Adam Kirkton,3,2,a_faithful_pca_2021-06-11; a_faithful_pca_2022-03-14; overture_37_negative_votes_2021,a_faithful_pca; overture_37_2021,public_letter_signature; recorded_negative_vote,a_faithful_pca_2021-06-11::signature:412; a_faithful_pca_2022-03-14::signature:422; overture_37_negative_votes_2021::print_order:108
albert-young,Albert Young,3,2,a_faithful_pca_2021-06-11; a_faithful_pca_2022-03-14; nae_withdrawal_protest_2022,a_faithful_pca; nae_withdrawal_protest_2022,formal_protest_signature; public_letter_signature,a_faithful_pca_2021-06-11::signature:530; a_faithful_pca_2022-03-14::signature:525; nae_withdrawal_protest_2022::print_order:203
andrew-norquist,Andrew Norquist,3,3,a_faithful_pca_2022-03-14; nae_withdrawal_protest_2022; overture_15_negative_votes_2022,a_faithful_pca; nae_withdrawal_protest_2022; overture_15_2022,formal_protest_signature; public_letter_signature; recorded_negative_vote,a_faithful_pca_2022-03-14::signature:635; nae_withdrawal_protest_2022::print_order:124; overture_15_negative_votes_2022::print_order:128
andrew-whitaker,Andrew Whitaker,3,2,a_faithful_pca_2021-06-11; a_faithful_pca_2022-03-14; overture_37_negative_votes_2021,a_faithful_pca; overture_37_2021,public_letter_signature; recorded_negative_vote,a_faithful_pca_2021-06-11::signature:266; a_faithful_pca_2022-03-14::signature:283; overture_37_negative_votes_2021::print_order:198
andy-gray,Andy Gray,3,2,a_faithful_pca_2021-06-11; a_faithful_pca_2022-03-14; nae_withdrawal_protest_2022,a_faithful_pca; nae_withdrawal_protest_2022,formal_protest_signature; public_letter_signature,a_faithful_pca_2021-06-11::signature:241; a_faithful_pca_2022-03-14::signature:259; nae_withdrawal_protest_2022::print_order:59
ben-coppedge,Ben Coppedge,3,2,a_faithful_pca_2021-06-11; a_faithful_pca_2022-03-14; ruf_campus_catalog_2025,a_faithful_pca; institution_reformed-university-fellowship,public_letter_signature; ruf_campus_role_snapshot,a_faithful_pca_2021-06-11::signature:279; a_faithful_pca_2022-03-14::signature:295; ruf_campus_catalog_2025::catalog-role:265:page:259
ben-frade,Ben Frade,3,2,a_faithful_pca_2021-06-11; a_faithful_pca_2022-03-14; overture_37_negative_votes_2021,a_faithful_pca; overture_37_2021,public_letter_signature; recorded_negative_vote,a_faithful_pca_2021-06-11::signature:565; a_faithful_pca_2022-03-14::signature:557; overture_37_negative_votes_2021::print_order:63
ben-hein,Ben Hein,3,3,nae_withdrawal_protest_2022; overture_15_negative_votes_2022; overture_37_negative_votes_2021,nae_withdrawal_protest_2022; overture_15_2022; overture_37_2021,formal_protest_signature; recorded_negative_vote,nae_withdrawal_protest_2022::print_order:65; overture_15_negative_votes_2022::print_order:63; overture_37_negative_votes_2021::print_order:79
ben-jolliffe,Ben Jolliffe,3,2,a_faithful_pca_2021-06-11; a_faithful_pca_2022-03-14; warhurst_protest_2019,a_faithful_pca; warhurst_protest_2019,formal_protest_signature; public_letter_signature,a_faithful_pca_2021-06-11::signature:283; a_faithful_pca_2022-03-14::signature:299; warhurst_protest_2019::print_order:131
bob-cargo,Bob Cargo,3,2,a_faithful_pca_2021-06-11; a_faithful_pca_2022-03-14; warhurst_protest_2019,a_faithful_pca; warhurst_protest_2019,formal_protest_signature; public_letter_signature,a_faithful_pca_2021-06-11::signature:19; a_faithful_pca_2022-03-14::signature:19; warhurst_protest_2019::print_order:176
bob-flayhart,Bob Flayhart,3,2,a_faithful_pca_2021-06-11; a_faithful_pca_2022-03-14; national_partnership_confirmed_members,a_faithful_pca; national_partnership,formal_organization_membership; public_letter_signature,a_faithful_pca_2021-06-11::signature:16; a_faithful_pca_2022-03-14::signature:16; national_partnership_confirmed_members::confirmed_member:10:bob flayhart
bobby-suh,Bobby Suh,3,2,a_faithful_pca_2021-06-11; a_faithful_pca_2022-03-14; nae_withdrawal_protest_2022,a_faithful_pca; nae_withdrawal_protest_2022,formal_protest_signature; public_letter_signature,a_faithful_pca_2021-06-11::signature:52; a_faithful_pca_2022-03-14::signature:72; nae_withdrawal_protest_2022::print_order:168
cameron-anderson,Cameron Anderson,3,2,a_faithful_pca_2021-06-11; a_faithful_pca_2022-03-14; institution_ridge-haven,a_faithful_pca; institution_ridge-haven,institutional_role; public_letter_signature,a_faithful_pca_2021-06-11::signature:326; a_faithful_pca_2022-03-14::signature:342; institution_ridge-haven::role:402:ridge-haven:line:11
casey-shutt,Casey Shutt,3,2,a_faithful_pca_2021-06-11; a_faithful_pca_2022-03-14; warhurst_protest_2019,a_faithful_pca; warhurst_protest_2019,formal_protest_signature; public_letter_signature,a_faithful_pca_2021-06-11::signature:389; a_faithful_pca_2022-03-14::signature:399; warhurst_protest_2019::print_order:13
charles-johnson,Charles Johnson,3,2,a_faithful_pca_2021-06-11; a_faithful_pca_2022-03-14; overture_37_negative_votes_2021,a_faithful_pca; overture_37_2021,public_letter_signature; recorded_negative_vote,a_faithful_pca_2021-06-11::signature:290; a_faithful_pca_2022-03-14::signature:306; overture_37_negative_votes_2021::print_order:95
chris-accardy,Chris Accardy,3,2,a_faithful_pca_2021-06-11; a_faithful_pca_2022-03-14; warhurst_protest_2019,a_faithful_pca; warhurst_protest_2019,formal_protest_signature; public_letter_signature,a_faithful_pca_2021-06-11::signature:240; a_faithful_pca_2022-03-14::signature:258; warhurst_protest_2019::print_order:139
chris-horne,Chris Horne,3,3,a_faithful_pca_2022-03-14; overture_15_negative_votes_2022; ruf_campus_catalog_2025,a_faithful_pca; institution_reformed-university-fellowship; overture_15_2022,public_letter_signature; recorded_negative_vote; ruf_campus_role_snapshot,a_faithful_pca_2022-03-14::signature:589; overture_15_negative_votes_2022::print_order:68; ruf_campus_catalog_2025::catalog-role:389:page:370
chris-polski,Chris Polski,3,3,nae_withdrawal_protest_2022; overture_15_negative_votes_2022; warhurst_protest_2019,nae_withdrawal_protest_2022; overture_15_2022; warhurst_protest_2019,formal_protest_signature; recorded_negative_vote,nae_withdrawal_protest_2022::print_order:132; overture_15_negative_votes_2022::print_order:139; warhurst_protest_2019::print_order:52
chris-sicks,Chris Sicks,3,2,a_faithful_pca_2021-06-11; a_faithful_pca_2022-03-14; warhurst_protest_2019,a_faithful_pca; warhurst_protest_2019,formal_protest_signature; public_letter_signature,a_faithful_pca_2021-06-11::signature:216; a_faithful_pca_2022-03-14::signature:234; warhurst_protest_2019::print_order:30
clay-wooten,Clay Wooten,3,2,a_faithful_pca_2021-06-11; a_faithful_pca_2022-03-14; warhurst_protest_2019,a_faithful_pca; warhurst_protest_2019,formal_protest_signature; public_letter_signature,a_faithful_pca_2021-06-11::signature:498; a_faithful_pca_2022-03-14::signature:500; warhurst_protest_2019::print_order:94
dan-quakkelaar,Dan Quakkelaar,3,2,a_faithful_pca_2021-06-11; a_faithful_pca_2022-03-14; overture_37_negative_votes_2021,a_faithful_pca; overture_37_2021,public_letter_signature; recorded_negative_vote,a_faithful_pca_2021-06-11::signature:410; a_faithful_pca_2022-03-14::signature:420; overture_37_negative_votes_2021::print_order:150
daniel-anderson,Daniel Anderson,3,2,a_faithful_pca_2021-06-11; a_faithful_pca_2022-03-14; overture_37_negative_votes_2021,a_faithful_pca; overture_37_2021,public_letter_signature; recorded_negative_vote,a_faithful_pca_2021-06-11::signature:380; a_faithful_pca_2022-03-14::signature:390; overture_37_negative_votes_2021::print_order:4
dave-abney,Dave Abney,3,2,a_faithful_pca_2021-06-11; a_faithful_pca_2022-03-14; overture_15_negative_votes_2022,a_faithful_pca; overture_15_2022,public_letter_signature; recorded_negative_vote,a_faithful_pca_2021-06-11::signature:172; a_faithful_pca_2022-03-14::signature:191; overture_15_negative_votes_2022::print_order:1
david-bisgrove,David Bisgrove,3,2,a_faithful_pca_2021-06-11; a_faithful_pca_2022-03-14; overture_15_negative_votes_2022,a_faithful_pca; overture_15_2022,public_letter_signature; recorded_negative_vote,a_faithful_pca_2021-06-11::signature:365; a_faithful_pca_2022-03-14::signature:36; overture_15_negative_votes_2022::print_order:12
david-odell,David ODell,3,2,a_faithful_pca_2021-06-11; a_faithful_pca_2022-03-14; overture_37_negative_votes_2021,a_faithful_pca; overture_37_2021,public_letter_signature; recorded_negative_vote,a_faithful_pca_2021-06-11::signature:267; a_faithful_pca_2022-03-14::signature:284; overture_37_negative_votes_2021::print_order:138
david-richmon,David Richmon,3,2,a_faithful_pca_2021-06-11; a_faithful_pca_2022-03-14; overture_37_negative_votes_2021,a_faithful_pca; overture_37_2021,public_letter_signature; recorded_negative_vote,a_faithful_pca_2021-06-11::signature:150; a_faithful_pca_2022-03-14::signature:169; overture_37_negative_votes_2021::print_order:157
david-salsedo,David Salsedo,3,2,a_faithful_pca_2021-06-11; a_faithful_pca_2022-03-14; national_partnership_confirmed_members,a_faithful_pca; national_partnership,formal_organization_membership; public_letter_signature,a_faithful_pca_2021-06-11::signature:152; a_faithful_pca_2022-03-14::signature:171; national_partnership_confirmed_members::confirmed_member:44:david salsedo
david-wallover,David Wallover,3,2,a_faithful_pca_2021-06-11; a_faithful_pca_2022-03-14; warhurst_protest_2019,a_faithful_pca; warhurst_protest_2019,formal_protest_signature; public_letter_signature,a_faithful_pca_2021-06-11::signature:41; a_faithful_pca_2022-03-14::signature:61; warhurst_protest_2019::print_order:196
dawson-hunt,Dawson Hunt,3,2,a_faithful_pca_2021-06-11; a_faithful_pca_2022-03-14; overture_15_negative_votes_2022,a_faithful_pca; overture_15_2022,public_letter_signature; recorded_negative_vote,a_faithful_pca_2021-06-11::signature:505; a_faithful_pca_2022-03-14::signature:507; overture_15_negative_votes_2022::print_order:70
eddie-lim,Eddie Lim,3,2,a_faithful_pca_2021-06-11; a_faithful_pca_2022-03-14; women_study_committee_procedural_registration_2016,a_faithful_pca; ga_2016_formal_positions,public_letter_signature; recorded_procedural_position,a_faithful_pca_2021-06-11::signature:44; a_faithful_pca_2022-03-14::signature:64; women_study_committee_procedural_registration_2016::procedural_registration:86
elliott-everitt,Elliott Everitt,3,2,a_faithful_pca_2021-06-11; a_faithful_pca_2022-03-14; overture_37_negative_votes_2021,a_faithful_pca; overture_37_2021,public_letter_signature; recorded_negative_vote,a_faithful_pca_2021-06-11::signature:345; a_faithful_pca_2022-03-14::signature:361; overture_37_negative_votes_2021::print_order:59
elliott-wood,Elliott Wood,3,2,a_faithful_pca_2021-06-11; a_faithful_pca_2022-03-14; overture_15_negative_votes_2022,a_faithful_pca; overture_15_2022,public_letter_signature; recorded_negative_vote,a_faithful_pca_2021-06-11::signature:431; a_faithful_pca_2022-03-14::signature:440; overture_15_negative_votes_2022::print_order:195
eric-kapur,Eric Kapur,3,2,a_faithful_pca_2021-06-11; a_faithful_pca_2022-03-14; overture_37_negative_votes_2021,a_faithful_pca; overture_37_2021,public_letter_signature; recorded_negative_vote,a_faithful_pca_2021-06-11::signature:328; a_faithful_pca_2022-03-14::signature:344; overture_37_negative_votes_2021::print_order:98
evin-langley,Evin Langley,3,2,a_faithful_pca_2021-06-11; a_faithful_pca_2022-03-14; overture_37_negative_votes_2021,a_faithful_pca; overture_37_2021,public_letter_signature; recorded_negative_vote,a_faithful_pca_2021-06-11::signature:437; a_faithful_pca_2022-03-14::signature:445; overture_37_negative_votes_2021::print_order:110
ewan-kennedy,Ewan Kennedy,3,2,a_faithful_pca_2021-06-11; a_faithful_pca_2022-03-14; overture_37_negative_votes_2021,a_faithful_pca; overture_37_2021,public_letter_signature; recorded_negative_vote,a_faithful_pca_2021-06-11::signature:114; a_faithful_pca_2022-03-14::signature:133; overture_37_negative_votes_2021::print_order:103
geoff-bradford,Geoff Bradford,3,2,a_faithful_pca_2021-06-11; a_faithful_pca_2022-03-14; national_partnership_confirmed_members,a_faithful_pca; national_partnership,formal_organization_membership; public_letter_signature,a_faithful_pca_2021-06-11::signature:298; a_faithful_pca_2022-03-14::signature:314; national_partnership_confirmed_members::confirmed_member:57:geoff bradford
george-hamm,George Hamm,3,2,a_faithful_pca_2021-06-11; a_faithful_pca_2022-03-14; ruf_campus_catalog_2025,a_faithful_pca; institution_reformed-university-fellowship,public_letter_signature; ruf_campus_role_snapshot,a_faithful_pca_2021-06-11::signature:261; a_faithful_pca_2022-03-14::signature:279; ruf_campus_catalog_2025::catalog-role:64:page:71
giorgio-hiatt,Giorgio Hiatt,3,2,a_faithful_pca_2021-06-11; a_faithful_pca_2022-03-14; overture_15_negative_votes_2022,a_faithful_pca; overture_15_2022,public_letter_signature; recorded_negative_vote,a_faithful_pca_2021-06-11::signature:350; a_faithful_pca_2022-03-14::signature:366; overture_15_negative_votes_2022::print_order:65
greg-blosser,Greg Blosser,3,2,a_faithful_pca_2021-06-11; a_faithful_pca_2022-03-14; warhurst_protest_2019,a_faithful_pca; warhurst_protest_2019,formal_protest_signature; public_letter_signature,a_faithful_pca_2021-06-11::signature:343; a_faithful_pca_2022-03-14::signature:359; warhurst_protest_2019::print_order:87
greg-poole,Greg Poole,3,2,a_faithful_pca_2021-06-11; a_faithful_pca_2022-03-14; overture_37_minority_2021,a_faithful_pca; overture_37_2021,minority_report_signature; public_letter_signature,a_faithful_pca_2021-06-11::signature:54; a_faithful_pca_2022-03-14::signature:74; overture_37_minority_2021::print_order:18
hector-sanchez,Hector Sanchez,3,2,a_faithful_pca_2021-06-11; a_faithful_pca_2022-03-14; overture_15_negative_votes_2022,a_faithful_pca; overture_15_2022,public_letter_signature; recorded_negative_vote,a_faithful_pca_2021-06-11::signature:336; a_faithful_pca_2022-03-14::signature:352; overture_15_negative_votes_2022::print_order:153
jack-howell,Jack Howell,3,2,a_faithful_pca_2021-06-11; a_faithful_pca_2022-03-14; national_partnership_confirmed_members,a_faithful_pca; national_partnership,formal_organization_membership; public_letter_signature,a_faithful_pca_2021-06-11::signature:39; a_faithful_pca_2022-03-14::signature:59; national_partnership_confirmed_members::confirmed_member:69:jack howell
jacob-spencer,Jacob Spencer,3,3,a_faithful_pca_2022-03-14; nae_withdrawal_protest_2022; overture_15_negative_votes_2022,a_faithful_pca; nae_withdrawal_protest_2022; overture_15_2022,formal_protest_signature; public_letter_signature; recorded_negative_vote,a_faithful_pca_2022-03-14::signature:588; nae_withdrawal_protest_2022::print_order:163; overture_15_negative_votes_2022::print_order:167
jefferson-bennett,Jefferson Bennett,3,2,a_faithful_pca_2021-06-11; a_faithful_pca_2022-03-14; nae_withdrawal_protest_2022,a_faithful_pca; nae_withdrawal_protest_2022,formal_protest_signature; public_letter_signature,a_faithful_pca_2021-06-11::signature:213; a_faithful_pca_2022-03-14::signature:231; nae_withdrawal_protest_2022::print_order:13
jimmy-agan,Jimmy Agan,3,2,a_faithful_pca_2021-06-11; a_faithful_pca_2022-03-14; overture_37_negative_votes_2021,a_faithful_pca; overture_37_2021,public_letter_signature; recorded_negative_vote,a_faithful_pca_2021-06-11::signature:481; a_faithful_pca_2022-03-14::signature:43; overture_37_negative_votes_2021::print_order:2
john-bourgeois,John Bourgeois,3,2,a_faithful_pca_2021-06-11; a_faithful_pca_2022-03-14; national_partnership_confirmed_members,a_faithful_pca; national_partnership,formal_organization_membership; public_letter_signature,a_faithful_pca_2021-06-11::signature:97; a_faithful_pca_2022-03-14::signature:116; national_partnership_confirmed_members::confirmed_member:81:john bourgeois
john-chung,John Chung,3,2,a_faithful_pca_2021-06-11; a_faithful_pca_2022-03-14; overture_37_negative_votes_2021,a_faithful_pca; overture_37_2021,public_letter_signature; recorded_negative_vote,a_faithful_pca_2021-06-11::signature:459; a_faithful_pca_2022-03-14::signature:466; overture_37_negative_votes_2021::print_order:35
john-standridge,John Standridge,3,2,a_faithful_pca_2021-06-11; a_faithful_pca_2022-03-14; warhurst_protest_2019,a_faithful_pca; warhurst_protest_2019,formal_protest_signature; public_letter_signature,a_faithful_pca_2021-06-11::signature:405; a_faithful_pca_2022-03-14::signature:415; warhurst_protest_2019::print_order:173
jonathan-dorst,Jonathan Dorst,3,2,a_faithful_pca_2021-06-11; a_faithful_pca_2022-03-14; overture_37_minority_2021,a_faithful_pca; overture_37_2021,minority_report_signature; public_letter_signature,a_faithful_pca_2021-06-11::signature:373; a_faithful_pca_2022-03-14::signature:384; overture_37_minority_2021::print_order:8
jong-park,Jong Park,3,2,a_faithful_pca_2021-06-11; a_faithful_pca_2022-03-14; overture_37_negative_votes_2021,a_faithful_pca; overture_37_2021,public_letter_signature; recorded_negative_vote,a_faithful_pca_2021-06-11::signature:327; a_faithful_pca_2022-03-14::signature:343; overture_37_negative_votes_2021::print_order:140
joshua-torrey,Joshua Torrey,3,2,a_faithful_pca_2021-06-11; a_faithful_pca_2022-03-14; nae_withdrawal_protest_2022,a_faithful_pca; nae_withdrawal_protest_2022,formal_protest_signature; public_letter_signature,a_faithful_pca_2021-06-11::signature:388; a_faithful_pca_2022-03-14::signature:398; nae_withdrawal_protest_2022::print_order:182
josiah-carey,Josiah Carey,3,2,a_faithful_pca_2021-06-11; a_faithful_pca_2022-03-14; overture_37_negative_votes_2021,a_faithful_pca; overture_37_2021,public_letter_signature; recorded_negative_vote,a_faithful_pca_2021-06-11::signature:288; a_faithful_pca_2022-03-14::signature:304; overture_37_negative_votes_2021::print_order:31
josiah-green,Josiah Green,3,2,a_faithful_pca_2021-06-11; a_faithful_pca_2022-03-14; overture_37_negative_votes_2021,a_faithful_pca; overture_37_2021,public_letter_signature; recorded_negative_vote,a_faithful_pca_2021-06-11::signature:472; a_faithful_pca_2022-03-14::signature:476; overture_37_negative_votes_2021::print_order:70
justin-grimm,Justin Grimm,3,3,a_faithful_pca_2022-03-14; overture_37_negative_votes_2021; warhurst_protest_2019,a_faithful_pca; overture_37_2021; warhurst_protest_2019,formal_protest_signature; public_letter_signature; recorded_negative_vote,a_faithful_pca_2022-03-14::signature:664; overture_37_negative_votes_2021::print_order:71; warhurst_protest_2019::print_order:142
justin-smith,Justin Smith,3,3,overture_15_negative_votes_2022; overture_37_negative_votes_2021; warhurst_protest_2019,overture_15_2022; overture_37_2021; warhurst_protest_2019,formal_protest_signature; recorded_negative_vote,overture_15_negative_votes_2022::print_order:165; overture_37_negative_votes_2021::print_order:176; warhurst_protest_2019::print_order:73
justin-woodall,Justin Woodall,3,2,a_faithful_pca_2021-06-11; a_faithful_pca_2022-03-14; warhurst_protest_2019,a_faithful_pca; warhurst_protest_2019,formal_protest_signature; public_letter_signature,a_faithful_pca_2021-06-11::signature:27; a_faithful_pca_2022-03-14::signature:27; warhurst_protest_2019::print_order:120
keith-winder,Keith Winder,3,3,a_faithful_pca_2022-03-14; overture_15_negative_votes_2022; overture_37_negative_votes_2021,a_faithful_pca; overture_15_2022; overture_37_2021,public_letter_signature; recorded_negative_vote,a_faithful_pca_2022-03-14::signature:584; overture_15_negative_votes_2022::print_order:192; overture_37_negative_votes_2021::print_order:202
kevin-rogers,Kevin Rogers,3,2,a_faithful_pca_2021-06-11; a_faithful_pca_2022-03-14; national_partnership_confirmed_members,a_faithful_pca; national_partnership,formal_organization_membership; public_letter_signature,a_faithful_pca_2021-06-11::signature:135; a_faithful_pca_2022-03-14::signature:154; national_partnership_confirmed_members::confirmed_member:95:kevin rogers
kyle-bobos,Kyle Bobos,3,3,nae_withdrawal_protest_2022; overture_15_negative_votes_2022; overture_37_negative_votes_2021,nae_withdrawal_protest_2022; overture_15_2022; overture_37_2021,formal_protest_signature; recorded_negative_vote,nae_withdrawal_protest_2022::print_order:18; overture_15_negative_votes_2022::print_order:15; overture_37_negative_votes_2021::print_order:20
kyle-edwards,Kyle Edwards,3,2,a_faithful_pca_2021-06-11; a_faithful_pca_2022-03-14; nae_withdrawal_protest_2022,a_faithful_pca; nae_withdrawal_protest_2022,formal_protest_signature; public_letter_signature,a_faithful_pca_2021-06-11::signature:314; a_faithful_pca_2022-03-14::signature:330; nae_withdrawal_protest_2022::print_order:45
kyle-keating,Kyle Keating,3,3,human_sexuality_aic_2019_2021; overture_15_negative_votes_2022; overture_37_negative_votes_2021,human_sexuality_aic; overture_15_2022; overture_37_2021,recorded_negative_vote; study_committee_service,human_sexuality_aic_2019_2021::committee_member:4; overture_15_negative_votes_2022::print_order:82; overture_37_negative_votes_2021::print_order:101
loren-bell,Loren Bell,3,3,nae_withdrawal_protest_2022; overture_37_negative_votes_2021; warhurst_protest_2019,nae_withdrawal_protest_2022; overture_37_2021; warhurst_protest_2019,formal_protest_signature; recorded_negative_vote,nae_withdrawal_protest_2022::print_order:12; overture_37_negative_votes_2021::print_order:14; warhurst_protest_2019::print_order:19
luke-banner,Luke Banner,3,2,a_faithful_pca_2021-06-11; a_faithful_pca_2022-03-14; overture_37_negative_votes_2021,a_faithful_pca; overture_37_2021,public_letter_signature; recorded_negative_vote,a_faithful_pca_2021-06-11::signature:427; a_faithful_pca_2022-03-14::signature:436; overture_37_negative_votes_2021::print_order:11
luke-calvin,Luke Calvin,3,3,a_faithful_pca_2022-03-14; overture_37_negative_votes_2021; warhurst_protest_2019,a_faithful_pca; overture_37_2021; warhurst_protest_2019,formal_protest_signature; public_letter_signature; recorded_negative_vote,a_faithful_pca_2022-03-14::signature:670; overture_37_negative_votes_2021::print_order:29; warhurst_protest_2019::print_order:20
luke-evans,Luke Evans,3,2,a_faithful_pca_2021-06-11; a_faithful_pca_2022-03-14; overture_15_negative_votes_2022,a_faithful_pca; overture_15_2022,public_letter_signature; recorded_negative_vote,a_faithful_pca_2021-06-11::signature:183; a_faithful_pca_2022-03-14::signature:202; overture_15_negative_votes_2022::print_order:49
mark-bates,Mark Bates,3,2,a_faithful_pca_2021-06-11; a_faithful_pca_2022-03-14; institution_mission-to-the-world,a_faithful_pca; institution_mission-to-the-world,institutional_role; public_letter_signature,a_faithful_pca_2021-06-11::signature:26; a_faithful_pca_2022-03-14::signature:26; institution_mission-to-the-world::role:305:mission-to-the-world:line:38
matt-wiley,Matt Wiley,3,2,a_faithful_pca_2021-06-11; a_faithful_pca_2022-03-14; warhurst_protest_2019,a_faithful_pca; warhurst_protest_2019,formal_protest_signature; public_letter_signature,a_faithful_pca_2021-06-11::signature:125; a_faithful_pca_2022-03-14::signature:144; warhurst_protest_2019::print_order:110
matthew-mobley,Matthew Mobley,3,2,a_faithful_pca_2021-06-11; a_faithful_pca_2022-03-14; overture_37_negative_votes_2021,a_faithful_pca; overture_37_2021,public_letter_signature; recorded_negative_vote,a_faithful_pca_2021-06-11::signature:509; a_faithful_pca_2022-03-14::signature:509; overture_37_negative_votes_2021::print_order:133
michael-phillips,Michael Phillips,3,3,nae_withdrawal_protest_2022; overture_37_negative_votes_2021; warhurst_protest_2019,nae_withdrawal_protest_2022; overture_37_2021; warhurst_protest_2019,formal_protest_signature; recorded_negative_vote,nae_withdrawal_protest_2022::print_order:130; overture_37_negative_votes_2021::print_order:145; warhurst_protest_2019::print_order:180
mika-edmondson,Mika Edmondson,3,2,a_faithful_pca_2021-06-11; a_faithful_pca_2022-03-14; overture_15_negative_votes_2022,a_faithful_pca; overture_15_2022,public_letter_signature; recorded_negative_vote,a_faithful_pca_2021-06-11::signature:537; a_faithful_pca_2022-03-14::signature:48; overture_15_negative_votes_2022::print_order:47
mike-bobell,Mike Bobell,3,2,a_faithful_pca_2021-06-11; a_faithful_pca_2022-03-14; overture_37_negative_votes_2021,a_faithful_pca; overture_37_2021,public_letter_signature; recorded_negative_vote,a_faithful_pca_2021-06-11::signature:232; a_faithful_pca_2022-03-14::signature:250; overture_37_negative_votes_2021::print_order:19
nick-angert,Nick Angert,3,2,a_faithful_pca_2021-06-11; a_faithful_pca_2022-03-14; overture_15_negative_votes_2022,a_faithful_pca; overture_15_2022,public_letter_signature; recorded_negative_vote,a_faithful_pca_2021-06-11::signature:160; a_faithful_pca_2022-03-14::signature:179; overture_15_negative_votes_2022::print_order:4
nick-owens,Nick Owens,3,2,a_faithful_pca_2021-06-11; a_faithful_pca_2022-03-14; overture_37_negative_votes_2021,a_faithful_pca; overture_37_2021,public_letter_signature; recorded_negative_vote,a_faithful_pca_2021-06-11::signature:454; a_faithful_pca_2022-03-14::signature:461; overture_37_negative_votes_2021::print_order:139
noah-wiersema,Noah Wiersema,3,2,a_faithful_pca_2021-06-11; a_faithful_pca_2022-03-14; nae_withdrawal_protest_2022,a_faithful_pca; nae_withdrawal_protest_2022,formal_protest_signature; public_letter_signature,a_faithful_pca_2021-06-11::signature:507; a_faithful_pca_2022-03-14::signature:508; nae_withdrawal_protest_2022::print_order:195
patrick-allen,Patrick Allen,3,2,a_faithful_pca_2021-06-11; a_faithful_pca_2022-03-14; overture_15_negative_votes_2022,a_faithful_pca; overture_15_2022,public_letter_signature; recorded_negative_vote,a_faithful_pca_2021-06-11::signature:48; a_faithful_pca_2022-03-14::signature:68; overture_15_negative_votes_2022::print_order:3
patrick-sewell,Patrick Sewell,3,2,a_faithful_pca_2021-06-11; a_faithful_pca_2022-03-14; overture_15_negative_votes_2022,a_faithful_pca; overture_15_2022,public_letter_signature; recorded_negative_vote,a_faithful_pca_2021-06-11::signature:276; a_faithful_pca_2022-03-14::signature:292; overture_15_negative_votes_2022::print_order:158
ray-cortese,Ray Cortese,3,2,a_faithful_pca_2021-06-11; a_faithful_pca_2022-03-14; national_partnership_confirmed_members,a_faithful_pca; national_partnership,formal_organization_membership; public_letter_signature,a_faithful_pca_2021-06-11::signature:18; a_faithful_pca_2022-03-14::signature:18; national_partnership_confirmed_members::confirmed_member:117:ray cortese
richard-schwartz,Richard Schwartz,3,2,a_faithful_pca_2021-06-11; a_faithful_pca_2022-03-14; national_partnership_confirmed_members,a_faithful_pca; national_partnership,formal_organization_membership; public_letter_signature,a_faithful_pca_2021-06-11::signature:403; a_faithful_pca_2022-03-14::signature:413; national_partnership_confirmed_members::confirmed_member:120:richard schwartz
robbie-schmidtberger,Robbie Schmidtberger,3,2,a_faithful_pca_2021-06-11; a_faithful_pca_2022-03-14; national_partnership_confirmed_members,a_faithful_pca; national_partnership,formal_organization_membership; public_letter_signature,a_faithful_pca_2021-06-11::signature:218; a_faithful_pca_2022-03-14::signature:236; national_partnership_confirmed_members::confirmed_member:124:robbie schmidtberger
ron-lutjens,Ron Lutjens,3,2,a_faithful_pca_2021-06-11; a_faithful_pca_2022-03-14; warhurst_protest_2019,a_faithful_pca; warhurst_protest_2019,formal_protest_signature; public_letter_signature,a_faithful_pca_2021-06-11::signature:289; a_faithful_pca_2022-03-14::signature:305; warhurst_protest_2019::print_order:184
ronald-nelson,Ronald Nelson,3,2,a_faithful_pca_2021-06-11; a_faithful_pca_2022-03-14; overture_37_negative_votes_2021,a_faithful_pca; overture_37_2021,public_letter_signature; recorded_negative_vote,a_faithful_pca_2021-06-11::signature:351; a_faithful_pca_2022-03-14::signature:367; overture_37_negative_votes_2021::print_order:136
ross-dixon,Ross Dixon,3,3,a_faithful_pca_2022-03-14; overture_37_negative_votes_2021; warhurst_protest_2019,a_faithful_pca; overture_37_2021; warhurst_protest_2019,formal_protest_signature; public_letter_signature; recorded_negative_vote,a_faithful_pca_2022-03-14::signature:676; overture_37_negative_votes_2021::print_order:52; warhurst_protest_2019::print_order:67
ryan-brown,Ryan Brown,3,2,a_faithful_pca_2021-06-11; a_faithful_pca_2022-03-14; nae_withdrawal_protest_2022,a_faithful_pca; nae_withdrawal_protest_2022,formal_protest_signature; public_letter_signature,a_faithful_pca_2021-06-11::signature:274; a_faithful_pca_2022-03-14::signature:290; nae_withdrawal_protest_2022::print_order:27
ryan-zhang,Ryan Zhang,3,2,a_faithful_pca_2021-06-11; a_faithful_pca_2022-03-14; overture_37_negative_votes_2021,a_faithful_pca; overture_37_2021,public_letter_signature; recorded_negative_vote,a_faithful_pca_2021-06-11::signature:420; a_faithful_pca_2022-03-14::signature:429; overture_37_negative_votes_2021::print_order:205
sam-desocio,Sam DeSocio,3,2,a_faithful_pca_2021-06-11; a_faithful_pca_2022-03-14; overture_37_negative_votes_2021,a_faithful_pca; overture_37_2021,public_letter_signature; recorded_negative_vote,a_faithful_pca_2021-06-11::signature:544; a_faithful_pca_2022-03-14::signature:537; overture_37_negative_votes_2021::print_order:51
sammy-rhodes,Sammy Rhodes,3,2,a_faithful_pca_2021-06-11; a_faithful_pca_2022-03-14; ruf_campus_catalog_2025,a_faithful_pca; institution_reformed-university-fellowship,public_letter_signature; ruf_campus_role_snapshot,a_faithful_pca_2021-06-11::signature:248; a_faithful_pca_2022-03-14::signature:266; ruf_campus_catalog_2025::catalog-role:329:page:316
samuel-haist,Samuel Haist,3,3,nae_withdrawal_protest_2022; overture_15_negative_votes_2022; overture_37_negative_votes_2021,nae_withdrawal_protest_2022; overture_15_2022; overture_37_2021,formal_protest_signature; recorded_negative_vote,nae_withdrawal_protest_2022::print_order:60; overture_15_negative_votes_2022::print_order:60; overture_37_negative_votes_2021::print_order:73
scott-armstrong,Scott Armstrong,3,2,a_faithful_pca_2021-06-11; a_faithful_pca_2022-03-14; overture_37_negative_votes_2021,a_faithful_pca; overture_37_2021,public_letter_signature; recorded_negative_vote,a_faithful_pca_2021-06-11::signature:143; a_faithful_pca_2022-03-14::signature:162; overture_37_negative_votes_2021::print_order:6
scott-stewart,Scott Stewart,3,2,a_faithful_pca_2021-06-11; a_faithful_pca_2022-03-14; overture_15_negative_votes_2022,a_faithful_pca; overture_15_2022,public_letter_signature; recorded_negative_vote,a_faithful_pca_2021-06-11::signature:490; a_faithful_pca_2022-03-14::signature:493; overture_15_negative_votes_2022::print_order:169
shane-gibson,Shane Gibson,3,2,a_faithful_pca_2021-06-11; a_faithful_pca_2022-03-14; national_partnership_confirmed_members,a_faithful_pca; national_partnership,formal_organization_membership; public_letter_signature,a_faithful_pca_2021-06-11::signature:88; a_faithful_pca_2022-03-14::signature:108; national_partnership_confirmed_members::confirmed_member:135:shane gibson
shaynor-newsome,Shaynor Newsome,3,2,a_faithful_pca_2021-06-11; a_faithful_pca_2022-03-14; overture_37_negative_votes_2021,a_faithful_pca; overture_37_2021,public_letter_signature; recorded_negative_vote,a_faithful_pca_2021-06-11::signature:145; a_faithful_pca_2022-03-14::signature:164; overture_37_negative_votes_2021::print_order:137
steve-dowling,Steve Dowling,3,3,formal_position_2009-overture-10-women-roles-study-minority-report; overture_15_minority_2022; women_study_committee_procedural_registration_2016,ga_2009_formal_positions; ga_2016_formal_positions; overture_15_2022,formal_report_concurrence; minority_report_signature; recorded_procedural_position,formal_position_2009-overture-10-women-roles-study-minority-report::2009-overture-10-women-roles-study-minority-report:signer:3; overture_15_minority_2022::print_order:5; women_study_committee_procedural_registration_2016::procedural_registration:31
steven-chitty,Steven Chitty,3,2,a_faithful_pca_2021-06-11; a_faithful_pca_2022-03-14; warhurst_protest_2019,a_faithful_pca; warhurst_protest_2019,formal_protest_signature; public_letter_signature,a_faithful_pca_2021-06-11::signature:307; a_faithful_pca_2022-03-14::signature:323; warhurst_protest_2019::print_order:18
thurman-williams,Thurman Williams,3,2,a_faithful_pca_2021-06-11; a_faithful_pca_2022-03-14; nae_withdrawal_protest_2022,a_faithful_pca; nae_withdrawal_protest_2022,formal_protest_signature; public_letter_signature,a_faithful_pca_2021-06-11::signature:24; a_faithful_pca_2022-03-14::signature:24; nae_withdrawal_protest_2022::print_order:197
titus-bagby,Titus Bagby,3,3,a_faithful_pca_2022-03-14; overture_37_negative_votes_2021; warhurst_protest_2019,a_faithful_pca; overture_37_2021; warhurst_protest_2019,formal_protest_signature; public_letter_signature; recorded_negative_vote,a_faithful_pca_2022-03-14::signature:725; overture_37_negative_votes_2021::print_order:8; warhurst_protest_2019::print_order:156
tom-drury,Tom Drury,3,3,nae_withdrawal_protest_2022; overture_15_negative_votes_2022; overture_37_negative_votes_2021,nae_withdrawal_protest_2022; overture_15_2022; overture_37_2021,formal_protest_signature; recorded_negative_vote,nae_withdrawal_protest_2022::print_order:42; overture_15_negative_votes_2022::print_order:44; overture_37_negative_votes_2021::print_order:55
wayne-larson,Wayne Larson,3,2,a_faithful_pca_2021-06-11; a_faithful_pca_2022-03-14; national_partnership_confirmed_members,a_faithful_pca; national_partnership,formal_organization_membership; public_letter_signature,a_faithful_pca_2021-06-11::signature:198; a_faithful_pca_2022-03-14::signature:666; national_partnership_confirmed_members::confirmed_member:147:wayne larson
worth-carson,Worth Carson,3,2,a_faithful_pca_2021-06-11; a_faithful_pca_2022-03-14; national_partnership_confirmed_members,a_faithful_pca; national_partnership,formal_organization_membership; public_letter_signature,a_faithful_pca_2021-06-11::signature:34; a_faithful_pca_2022-03-14::signature:54; national_partnership_confirmed_members::confirmed_member:151:worth carson
zach-pummill,Zach Pummill,3,3,a_faithful_pca_2022-03-14; overture_15_negative_votes_2022; overture_37_negative_votes_2021,a_faithful_pca; overture_15_2022; overture_37_2021,public_letter_signature; recorded_negative_vote,a_faithful_pca_2022-03-14::signature:654; overture_15_negative_votes_2022::print_order:140; overture_37_negative_votes_2021::print_order:149
aaron-collier,Aaron Collier,2,2,a_faithful_pca_2022-03-14; overture_15_negative_votes_2022,a_faithful_pca; overture_15_2022,public_letter_signature; recorded_negative_vote,a_faithful_pca_2022-03-14::signature:590; overture_15_negative_votes_2022::print_order:32
andrew-goyzueta,Andrew Goyzueta,2,2,overture_15_negative_votes_2022; overture_37_negative_votes_2021,overture_15_2022; overture_37_2021,recorded_negative_vote,overture_15_negative_votes_2022::print_order:54; overture_37_negative_votes_2021::print_order:69
andrew-kim,Andrew Kim,2,2,overture_15_negative_votes_2022; warhurst_protest_2019,overture_15_2022; warhurst_protest_2019,formal_protest_signature; recorded_negative_vote,overture_15_negative_votes_2022::print_order:88; warhurst_protest_2019::print_order:11
andrew-shank,Andrew Shank,2,2,overture_15_negative_votes_2022; overture_37_minority_2021,overture_15_2022; overture_37_2021,minority_report_signature; recorded_negative_vote,overture_15_negative_votes_2022::print_order:159; overture_37_minority_2021::print_order:22
ben-melchers,Ben Melchers,2,2,nae_withdrawal_protest_2022; overture_15_negative_votes_2022,nae_withdrawal_protest_2022; overture_15_2022,formal_protest_signature; recorded_negative_vote,nae_withdrawal_protest_2022::print_order:120; overture_15_negative_votes_2022::print_order:122
ben-reed,Ben Reed,2,2,overture_15_negative_votes_2022; overture_37_negative_votes_2021,overture_15_2022; overture_37_2021,recorded_negative_vote,overture_15_negative_votes_2022::print_order:144; overture_37_negative_votes_2021::print_order:153
ben-winkler,Ben Winkler,2,2,overture_15_negative_votes_2022; overture_37_negative_votes_2021,overture_15_2022; overture_37_2021,recorded_negative_vote,overture_15_negative_votes_2022::print_order:193; overture_37_negative_votes_2021::print_order:203
bevan-houston,Bevan Houston,2,2,a_faithful_pca_2022-03-14; overture_37_minority_2021,a_faithful_pca; overture_37_2021,minority_report_signature; public_letter_signature,a_faithful_pca_2022-03-14::signature:633; overture_37_minority_2021::print_order:11
bradley-barnes,Bradley Barnes,2,2,a_faithful_pca_2022-03-14; warhurst_protest_2019,a_faithful_pca; warhurst_protest_2019,formal_protest_signature; public_letter_signature,a_faithful_pca_2022-03-14::signature:593; warhurst_protest_2019::print_order:188
brian-ferry,Brian Ferry,2,2,national_partnership_confirmed_members; overture_37_negative_votes_2021,national_partnership; overture_37_2021,formal_organization_membership; recorded_negative_vote,national_partnership_confirmed_members::confirmed_member:18:brian ferry; overture_37_negative_votes_2021::print_order:61
brian-frey,Brian Frey,2,2,a_faithful_pca_2022-03-14; overture_37_negative_votes_2021,a_faithful_pca; overture_37_2021,public_letter_signature; recorded_negative_vote,a_faithful_pca_2022-03-14::signature:721; overture_37_negative_votes_2021::print_order:64
bruce-o-neil,Bruce O’Neil,2,2,national_partnership_confirmed_members; warhurst_protest_2019,national_partnership; warhurst_protest_2019,formal_organization_membership; formal_protest_signature,national_partnership_confirmed_members::confirmed_member:19:bruce o neil; warhurst_protest_2019::print_order:33
bruce-terrell,Bruce Terrell,2,2,national_partnership_confirmed_members; overture_37_negative_votes_2021,national_partnership; overture_37_2021,formal_organization_membership; recorded_negative_vote,national_partnership_confirmed_members::confirmed_member:20:bruce terrell; overture_37_negative_votes_2021::print_order:184
bryan-chapell,Bryan Chapell,2,2,formal_position_2008-overture-9-deaconess-study-minority-report; formal_position_2009-overture-10-women-roles-study-minority-report,ga_2008_formal_positions; ga_2009_formal_positions,formal_report_concurrence,formal_position_2008-overture-9-deaconess-study-minority-report::2008-overture-9-deaconess-study-minority-report:signer:13; formal_position_2009-overture-10-women-roles-study-minority-report::2009-overture-10-women-roles-study-minority-report:signer:8
chandler-rowlen,Chandler Rowlen,2,2,overture_15_negative_votes_2022; overture_37_negative_votes_2021,overture_15_2022; overture_37_2021,recorded_negative_vote,overture_15_negative_votes_2022::print_order:150; overture_37_negative_votes_2021::print_order:163
charles-anderson,Charles Anderson,2,2,overture_37_negative_votes_2021; warhurst_protest_2019,overture_37_2021; warhurst_protest_2019,formal_protest_signature; recorded_negative_vote,overture_37_negative_votes_2021::print_order:5; warhurst_protest_2019::print_order:4
charles-mcknight,Charles McKnight,2,2,institution_mission-to-north-america; warhurst_protest_2019,institution_mission-to-north-america; warhurst_protest_2019,formal_protest_signature; institutional_role,institution_mission-to-north-america::role:296:mission-to-north-america:line:107; warhurst_protest_2019::print_order:2
christopher-stokes,Christopher Stokes,2,2,nae_withdrawal_protest_2022; overture_15_negative_votes_2022,nae_withdrawal_protest_2022; overture_15_2022,formal_protest_signature; recorded_negative_vote,nae_withdrawal_protest_2022::print_order:164; overture_15_negative_votes_2022::print_order:170
clay-warden,Clay Warden,2,2,overture_37_negative_votes_2021; warhurst_protest_2019,overture_37_2021; warhurst_protest_2019,formal_protest_signature; recorded_negative_vote,overture_37_negative_votes_2021::print_order:197; warhurst_protest_2019::print_order:49
dan-carrell,Dan Carrell,2,2,formal_position_2008-overture-9-deaconess-study-minority-report; formal_position_2009-overture-10-women-roles-study-minority-report,ga_2008_formal_positions; ga_2009_formal_positions,formal_report_concurrence,formal_position_2008-overture-9-deaconess-study-minority-report::2008-overture-9-deaconess-study-minority-report:signer:11; formal_position_2009-overture-10-women-roles-study-minority-report::2009-overture-10-women-roles-study-minority-report:signer:15
daniel-iverson,Daniel Iverson,2,2,a_faithful_pca_2022-03-14; overture_37_negative_votes_2021,a_faithful_pca; overture_37_2021,public_letter_signature; recorded_negative_vote,a_faithful_pca_2022-03-14::signature:681; overture_37_negative_votes_2021::print_order:90
darrell-jung,Darrell Jung,2,2,overture_15_negative_votes_2022; overture_37_negative_votes_2021,overture_15_2022; overture_37_2021,recorded_negative_vote,overture_15_negative_votes_2022::print_order:80; overture_37_negative_votes_2021::print_order:97
david-dickson,David Dickson,2,2,formal_position_2008-overture-9-deaconess-study-minority-report; formal_position_2009-overture-10-women-roles-study-minority-report,ga_2008_formal_positions; ga_2009_formal_positions,formal_report_concurrence,formal_position_2008-overture-9-deaconess-study-minority-report::2008-overture-9-deaconess-study-minority-report:signer:17; formal_position_2009-overture-10-women-roles-study-minority-report::2009-overture-10-women-roles-study-minority-report:signer:22
david-gilbert,David Gilbert,2,2,overture_15_minority_2022; women_study_committee_procedural_registration_2016,ga_2016_formal_positions; overture_15_2022,minority_report_signature; recorded_procedural_position,overture_15_minority_2022::print_order:12; women_study_committee_procedural_registration_2016::procedural_registration:48
david-jones,David Jones,2,2,overture_15_negative_votes_2022; overture_37_negative_votes_2021,overture_15_2022; overture_37_2021,recorded_negative_vote,overture_15_negative_votes_2022::print_order:77; overture_37_negative_votes_2021::print_order:96
david-palma,David Palma,2,2,nae_withdrawal_protest_2022; overture_15_negative_votes_2022,nae_withdrawal_protest_2022; overture_15_2022,formal_protest_signature; recorded_negative_vote,nae_withdrawal_protest_2022::print_order:127; overture_15_negative_votes_2022::print_order:132
david-westerfield,David Westerfield,2,2,a_faithful_pca_2022-03-14; warhurst_protest_2019,a_faithful_pca; warhurst_protest_2019,formal_protest_signature; public_letter_signature,a_faithful_pca_2022-03-14::signature:715; warhurst_protest_2019::print_order:38
george-koontz,George Koontz,2,2,nae_withdrawal_protest_2022; overture_15_negative_votes_2022,nae_withdrawal_protest_2022; overture_15_2022,formal_protest_signature; recorded_negative_vote,nae_withdrawal_protest_2022::print_order:97; overture_15_negative_votes_2022::print_order:94
greg-schneeberger,Greg Schneeberger,2,2,a_faithful_pca_2022-03-14; warhurst_protest_2019,a_faithful_pca; warhurst_protest_2019,formal_protest_signature; public_letter_signature,a_faithful_pca_2022-03-14::signature:578; warhurst_protest_2019::print_order:78
heath-zuniga,Heath Zuniga,2,2,overture_15_negative_votes_2022; overture_37_negative_votes_2021,overture_15_2022; overture_37_2021,recorded_negative_vote,overture_15_negative_votes_2022::print_order:199; overture_37_negative_votes_2021::print_order:207
hugh-barlett,Hugh Barlett,2,2,a_faithful_pca_2022-03-14; nae_withdrawal_protest_2022,a_faithful_pca; nae_withdrawal_protest_2022,formal_protest_signature; public_letter_signature,a_faithful_pca_2022-03-14::signature:50; nae_withdrawal_protest_2022::print_order:10
israel-ruiz,Israel Ruiz,2,2,nae_withdrawal_protest_2022; overture_37_negative_votes_2021,nae_withdrawal_protest_2022; overture_37_2021,formal_protest_signature; recorded_negative_vote,nae_withdrawal_protest_2022::print_order:149; overture_37_negative_votes_2021::print_order:164
jack-watkins,Jack Watkins,2,2,nae_withdrawal_protest_2022; overture_15_negative_votes_2022,nae_withdrawal_protest_2022; overture_15_2022,formal_protest_signature; recorded_negative_vote,nae_withdrawal_protest_2022::print_order:190; overture_15_negative_votes_2022::print_order:186
jake-patton,Jake Patton,2,2,overture_15_negative_votes_2022; warhurst_protest_2019,overture_15_2022; warhurst_protest_2019,formal_protest_signature; recorded_negative_vote,overture_15_negative_votes_2022::print_order:134; warhurst_protest_2019::print_order:178
james-martin,James Martin,2,2,nae_withdrawal_protest_2022; overture_15_negative_votes_2022,nae_withdrawal_protest_2022; overture_15_2022,formal_protest_signature; recorded_negative_vote,nae_withdrawal_protest_2022::print_order:115; overture_15_negative_votes_2022::print_order:119
james-partridge,James Partridge,2,2,nae_withdrawal_protest_2022; overture_15_negative_votes_2022,nae_withdrawal_protest_2022; overture_15_2022,formal_protest_signature; recorded_negative_vote,nae_withdrawal_protest_2022::print_order:128; overture_15_negative_votes_2022::print_order:133
jared-huffman,Jared Huffman,2,2,nae_withdrawal_protest_2022; overture_15_negative_votes_2022,nae_withdrawal_protest_2022; overture_15_2022,formal_protest_signature; recorded_negative_vote,nae_withdrawal_protest_2022::print_order:72; overture_15_negative_votes_2022::print_order:69
jason-kang,Jason Kang,2,2,overture_37_negative_votes_2021; warhurst_protest_2019,overture_37_2021; warhurst_protest_2019,formal_protest_signature; recorded_negative_vote,overture_37_negative_votes_2021::print_order:100; warhurst_protest_2019::print_order:126
jason-kriaski,Jason Kriaski,2,2,a_faithful_pca_2022-03-14; overture_37_negative_votes_2021,a_faithful_pca; overture_37_2021,public_letter_signature; recorded_negative_vote,a_faithful_pca_2022-03-14::signature:736; overture_37_negative_votes_2021::print_order:109
jeff-wreyford,Jeff Wreyford,2,2,nae_withdrawal_protest_2022; overture_15_negative_votes_2022,nae_withdrawal_protest_2022; overture_15_2022,formal_protest_signature; recorded_negative_vote,nae_withdrawal_protest_2022::print_order:200; overture_15_negative_votes_2022::print_order:197
jeffrey-hynds,Jeffrey Hynds,2,2,nae_withdrawal_protest_2022; overture_15_negative_votes_2022,nae_withdrawal_protest_2022; overture_15_2022,formal_protest_signature; recorded_negative_vote,nae_withdrawal_protest_2022::print_order:74; overture_15_negative_votes_2022::print_order:71
jeffrey-lancaster,Jeffrey Lancaster,2,2,formal_position_2008-overture-9-deaconess-study-minority-report; formal_position_2009-overture-10-women-roles-study-minority-report,ga_2008_formal_positions; ga_2009_formal_positions,formal_report_concurrence,formal_position_2008-overture-9-deaconess-study-minority-report::2008-overture-9-deaconess-study-minority-report:signer:4; formal_position_2009-overture-10-women-roles-study-minority-report::2009-overture-10-women-roles-study-minority-report:signer:11
jeremy-kemp,Jeremy Kemp,2,2,nae_withdrawal_protest_2022; overture_15_negative_votes_2022,nae_withdrawal_protest_2022; overture_15_2022,formal_protest_signature; recorded_negative_vote,nae_withdrawal_protest_2022::print_order:84; overture_15_negative_votes_2022::print_order:84
jeremy-king,Jeremy King,2,2,nae_withdrawal_protest_2022; overture_37_negative_votes_2021,nae_withdrawal_protest_2022; overture_37_2021,formal_protest_signature; recorded_negative_vote,nae_withdrawal_protest_2022::print_order:95; overture_37_negative_votes_2021::print_order:107
jerry-stutzman,Jerry Stutzman,2,2,nae_withdrawal_protest_2022; overture_15_negative_votes_2022,nae_withdrawal_protest_2022; overture_15_2022,formal_protest_signature; recorded_negative_vote,nae_withdrawal_protest_2022::print_order:166; overture_15_negative_votes_2022::print_order:173
joe-brand,Joe Brand,2,2,a_faithful_pca_2022-03-14; nae_withdrawal_protest_2022,a_faithful_pca; nae_withdrawal_protest_2022,formal_protest_signature; public_letter_signature,a_faithful_pca_2022-03-14::signature:625; nae_withdrawal_protest_2022::print_order:19
joe-cristman,Joe Cristman,2,2,formal_role_overture_15; overture_15_minority_2022,cristman_o15_first_person_article; overture_15_2022,first_person_drafting_statement; minority_report_signature,formal_role_overture_15::role:4:drafting_committee_member; overture_15_minority_2022::print_order:2
joel-littlepage,Joel Littlepage,2,2,a_faithful_pca_2022-03-14; overture_37_negative_votes_2021,a_faithful_pca; overture_37_2021,public_letter_signature; recorded_negative_vote,a_faithful_pca_2022-03-14::signature:671; overture_37_negative_votes_2021::print_order:117
john-baber,John Baber,2,2,nae_withdrawal_protest_2022; overture_15_negative_votes_2022,nae_withdrawal_protest_2022; overture_15_2022,formal_protest_signature; recorded_negative_vote,nae_withdrawal_protest_2022::print_order:7; overture_15_negative_votes_2022::print_order:7
john-bauer,John Bauer,2,2,overture_15_negative_votes_2022; overture_37_negative_votes_2021,overture_15_2022; overture_37_2021,recorded_negative_vote,overture_15_negative_votes_2022::print_order:10; overture_37_negative_votes_2021::print_order:12
john-craft,John Craft,2,2,a_faithful_pca_2022-03-14; ruf_campus_catalog_2025,a_faithful_pca; institution_reformed-university-fellowship,public_letter_signature; ruf_campus_role_snapshot,a_faithful_pca_2022-03-14::signature:586; ruf_campus_catalog_2025::catalog-role:169:page:165
jon-talley,Jon Talley,2,2,nae_withdrawal_protest_2022; warhurst_protest_2019,nae_withdrawal_protest_2022; warhurst_protest_2019,formal_protest_signature,nae_withdrawal_protest_2022::print_order:172; warhurst_protest_2019::print_order:157
josh-spears,Josh Spears,2,2,a_faithful_pca_2022-03-14; warhurst_protest_2019,a_faithful_pca; warhurst_protest_2019,formal_protest_signature; public_letter_signature,a_faithful_pca_2022-03-14::signature:567; warhurst_protest_2019::print_order:92
joshua-burdette,Joshua Burdette,2,2,overture_37_negative_votes_2021; warhurst_protest_2019,overture_37_2021; warhurst_protest_2019,formal_protest_signature; recorded_negative_vote,overture_37_negative_votes_2021::print_order:28; warhurst_protest_2019::print_order:55
justin-chappell,Justin Chappell,2,2,overture_15_negative_votes_2022; warhurst_protest_2019,overture_15_2022; warhurst_protest_2019,formal_protest_signature; recorded_negative_vote,overture_15_negative_votes_2022::print_order:25; warhurst_protest_2019::print_order:75
leeeric-fesko,LeeEric Fesko,2,2,nae_withdrawal_protest_2022; overture_15_negative_votes_2022,nae_withdrawal_protest_2022; overture_15_2022,formal_protest_signature; recorded_negative_vote,nae_withdrawal_protest_2022::print_order:48; overture_15_negative_votes_2022::print_order:52
luke-brodine,Luke Brodine,2,2,a_faithful_pca_2022-03-14; warhurst_protest_2019,a_faithful_pca; warhurst_protest_2019,formal_protest_signature; public_letter_signature,a_faithful_pca_2022-03-14::signature:703; warhurst_protest_2019::print_order:166
lyndon-jost,Lyndon Jost,2,2,nae_withdrawal_protest_2022; overture_15_negative_votes_2022,nae_withdrawal_protest_2022; overture_15_2022,formal_protest_signature; recorded_negative_vote,nae_withdrawal_protest_2022::print_order:80; overture_15_negative_votes_2022::print_order:79
mac-purdy,Mac Purdy,2,2,nae_withdrawal_protest_2022; overture_15_negative_votes_2022,nae_withdrawal_protest_2022; overture_15_2022,formal_protest_signature; recorded_negative_vote,nae_withdrawal_protest_2022::print_order:135; overture_15_negative_votes_2022::print_order:141
mark-coddington,Mark Coddington,2,2,nae_withdrawal_protest_2022; overture_15_negative_votes_2022,nae_withdrawal_protest_2022; overture_15_2022,formal_protest_signature; recorded_negative_vote,nae_withdrawal_protest_2022::print_order:31; overture_15_negative_votes_2022::print_order:31
mark-rowden,Mark Rowden,2,2,subscription_overture_16_minority_report_2003; women_study_committee_procedural_registration_2016,ga_2003_subscription_formal_positions; ga_2016_formal_positions,minority_report_signature; recorded_procedural_position,subscription_overture_16_minority_report_2003::overture16_minority_signer:13; women_study_committee_procedural_registration_2016::procedural_registration:132
marq-toombs,Marq Toombs,2,2,overture_15_negative_votes_2022; overture_37_negative_votes_2021,overture_15_2022; overture_37_2021,recorded_negative_vote,overture_15_negative_votes_2022::print_order:182; overture_37_negative_votes_2021::print_order:190
marshall-wilmhoff,Marshall Wilmhoff,2,2,a_faithful_pca_2022-03-14; overture_15_negative_votes_2022,a_faithful_pca; overture_15_2022,public_letter_signature; recorded_negative_vote,a_faithful_pca_2022-03-14::signature:565; overture_15_negative_votes_2022::print_order:191
matt-lietzen,Matt Lietzen,2,2,nae_withdrawal_protest_2022; overture_15_negative_votes_2022,nae_withdrawal_protest_2022; overture_15_2022,formal_protest_signature; recorded_negative_vote,nae_withdrawal_protest_2022::print_order:109; overture_15_negative_votes_2022::print_order:112
matt-luchenbill,Matt Luchenbill,2,2,nae_withdrawal_protest_2022; overture_15_negative_votes_2022,nae_withdrawal_protest_2022; overture_15_2022,formal_protest_signature; recorded_negative_vote,nae_withdrawal_protest_2022::print_order:112; overture_15_negative_votes_2022::print_order:116
matthew-armstrong,Matthew Armstrong,2,2,a_faithful_pca_2022-03-14; national_partnership_confirmed_members,a_faithful_pca; national_partnership,formal_organization_membership; public_letter_signature,a_faithful_pca_2022-03-14::signature:634; national_partnership_confirmed_members::confirmed_member:101:matthew armstrong
mike-tilley,Mike Tilley,2,2,nae_withdrawal_protest_2022; national_partnership_confirmed_members,nae_withdrawal_protest_2022; national_partnership,formal_organization_membership; formal_protest_signature,nae_withdrawal_protest_2022::print_order:179; national_partnership_confirmed_members::confirmed_member:107:mike tilley
nate-conrad,Nate Conrad,2,2,a_faithful_pca_2022-03-14; nae_withdrawal_protest_2022,a_faithful_pca; nae_withdrawal_protest_2022,formal_protest_signature; public_letter_signature,a_faithful_pca_2022-03-14::signature:704; nae_withdrawal_protest_2022::print_order:33
nathan-dicks,Nathan Dicks,2,2,a_faithful_pca_2022-03-14; ruf_campus_catalog_2025,a_faithful_pca; institution_reformed-university-fellowship,public_letter_signature; ruf_campus_role_snapshot,a_faithful_pca_2022-03-14::signature:724; ruf_campus_catalog_2025::catalog-role:24:page:29
nathan-tircuit,Nathan Tircuit,2,2,a_faithful_pca_2022-03-14; overture_15_negative_votes_2022,a_faithful_pca; overture_15_2022,public_letter_signature; recorded_negative_vote,a_faithful_pca_2022-03-14::signature:723; overture_15_negative_votes_2022::print_order:181
oliver-trimiew,Oliver Trimiew,2,2,nae_withdrawal_protest_2022; overture_37_negative_votes_2021,nae_withdrawal_protest_2022; overture_37_2021,formal_protest_signature; recorded_negative_vote,nae_withdrawal_protest_2022::print_order:183; overture_37_negative_votes_2021::print_order:192
omar-ortiz,Omar Ortiz,2,2,nae_withdrawal_protest_2022; overture_15_negative_votes_2022,nae_withdrawal_protest_2022; overture_15_2022,formal_protest_signature; recorded_negative_vote,nae_withdrawal_protest_2022::print_order:126; overture_15_negative_votes_2022::print_order:131
omari-hill,Omari Hill,2,2,a_faithful_pca_2022-03-14; warhurst_protest_2019,a_faithful_pca; warhurst_protest_2019,formal_protest_signature; public_letter_signature,a_faithful_pca_2022-03-14::signature:577; warhurst_protest_2019::print_order:123
owen-tarantino,Owen Tarantino,2,2,a_faithful_pca_2022-03-14; nae_withdrawal_protest_2022,a_faithful_pca; nae_withdrawal_protest_2022,formal_protest_signature; public_letter_signature,a_faithful_pca_2022-03-14::signature:648; nae_withdrawal_protest_2022::print_order:173
pablo-rosales,Pablo Rosales,2,2,nae_withdrawal_protest_2022; overture_15_negative_votes_2022,nae_withdrawal_protest_2022; overture_15_2022,formal_protest_signature; recorded_negative_vote,nae_withdrawal_protest_2022::print_order:146; overture_15_negative_votes_2022::print_order:148
paul-may,Paul May,2,2,overture_37_negative_votes_2021; warhurst_protest_2019,overture_37_2021; warhurst_protest_2019,formal_protest_signature; recorded_negative_vote,overture_37_negative_votes_2021::print_order:126; warhurst_protest_2019::print_order:85
philip-kruis,Philip Kruis,2,2,a_faithful_pca_2022-03-14; warhurst_protest_2019,a_faithful_pca; warhurst_protest_2019,formal_protest_signature; public_letter_signature,a_faithful_pca_2022-03-14::signature:563; warhurst_protest_2019::print_order:145
rob-scheele,Rob Scheele,2,2,overture_15_negative_votes_2022; overture_37_negative_votes_2021,overture_15_2022; overture_37_2021,recorded_negative_vote,overture_15_negative_votes_2022::print_order:155; overture_37_negative_votes_2021::print_order:167
robert-binion,Robert Binion,2,2,overture_37_minority_2021; warhurst_protest_2019,overture_37_2021; warhurst_protest_2019,formal_protest_signature; minority_report_signature,overture_37_minority_2021::print_order:1; warhurst_protest_2019::print_order:134
ryan-laughlin,Ryan Laughlin,2,2,overture_37_negative_votes_2021; warhurst_protest_2019,overture_37_2021; warhurst_protest_2019,formal_protest_signature; recorded_negative_vote,overture_37_negative_votes_2021::print_order:111; warhurst_protest_2019::print_order:58
sam-brown,Sam Brown,2,2,overture_15_negative_votes_2022; overture_37_negative_votes_2021,overture_15_2022; overture_37_2021,recorded_negative_vote,overture_15_negative_votes_2022::print_order:22; overture_37_negative_votes_2021::print_order:26
sam-kim,Sam Kim,2,2,nae_withdrawal_protest_2022; overture_15_negative_votes_2022,nae_withdrawal_protest_2022; overture_15_2022,formal_protest_signature; recorded_negative_vote,nae_withdrawal_protest_2022::print_order:88; overture_15_negative_votes_2022::print_order:89
shane-hatfield,Shane Hatfield,2,2,a_faithful_pca_2022-03-14; warhurst_protest_2019,a_faithful_pca; warhurst_protest_2019,formal_protest_signature; public_letter_signature,a_faithful_pca_2022-03-14::signature:706; warhurst_protest_2019::print_order:153
stephen-iler,Stephen Iler,2,2,overture_15_negative_votes_2022; women_study_committee_procedural_registration_2016,ga_2016_formal_positions; overture_15_2022,recorded_negative_vote; recorded_procedural_position,overture_15_negative_votes_2022::print_order:72; women_study_committee_procedural_registration_2016::procedural_registration:70
steven-nicoletti,Steven Nicoletti,2,2,nae_withdrawal_protest_2022; overture_15_negative_votes_2022,nae_withdrawal_protest_2022; overture_15_2022,formal_protest_signature; recorded_negative_vote,nae_withdrawal_protest_2022::print_order:123; overture_15_negative_votes_2022::print_order:127
tim-inman,Tim Inman,2,2,overture_15_negative_votes_2022; overture_37_negative_votes_2021,overture_15_2022; overture_37_2021,recorded_negative_vote,overture_15_negative_votes_2022::print_order:74; overture_37_negative_votes_2021::print_order:89
timothy-udouj,Timothy Udouj,2,2,nae_withdrawal_protest_2022; overture_15_negative_votes_2022,nae_withdrawal_protest_2022; overture_15_2022,formal_protest_signature; recorded_negative_vote,nae_withdrawal_protest_2022::print_order:184; overture_15_negative_votes_2022::print_order:184
tino-imbesi,Tino Imbesi,2,2,nae_withdrawal_protest_2022; overture_15_negative_votes_2022,nae_withdrawal_protest_2022; overture_15_2022,formal_protest_signature; recorded_negative_vote,nae_withdrawal_protest_2022::print_order:75; overture_15_negative_votes_2022::print_order:73
todd-phillips,Todd Phillips,2,2,a_faithful_pca_2022-03-14; warhurst_protest_2019,a_faithful_pca; warhurst_protest_2019,formal_protest_signature; public_letter_signature,a_faithful_pca_2022-03-14::signature:707; warhurst_protest_2019::print_order:150
todd-teller,Todd Teller,2,2,nae_withdrawal_protest_2022; overture_15_negative_votes_2022,nae_withdrawal_protest_2022; overture_15_2022,formal_protest_signature; recorded_negative_vote,nae_withdrawal_protest_2022::print_order:175; overture_15_negative_votes_2022::print_order:175
tony-howard,Tony Howard,2,2,a_faithful_pca_2022-03-14; nae_withdrawal_protest_2022,a_faithful_pca; nae_withdrawal_protest_2022,formal_protest_signature; public_letter_signature,a_faithful_pca_2022-03-14::signature:637; nae_withdrawal_protest_2022::print_order:70
travis-marsh,Travis Marsh,2,2,a_faithful_pca_2022-03-14; warhurst_protest_2019,a_faithful_pca; warhurst_protest_2019,formal_protest_signature; public_letter_signature,a_faithful_pca_2022-03-14::signature:610; warhurst_protest_2019::print_order:168
vincent-wood,Vincent Wood,2,2,overture_15_minority_2022; women_study_committee_procedural_registration_2016,ga_2016_formal_positions; overture_15_2022,minority_report_signature; recorded_procedural_position,overture_15_minority_2022::print_order:30; women_study_committee_procedural_registration_2016::procedural_registration:170
william-brooke,William Brooke,2,2,nae_withdrawal_protest_2022; overture_15_negative_votes_2022,nae_withdrawal_protest_2022; overture_15_2022,formal_protest_signature; recorded_negative_vote,nae_withdrawal_protest_2022::print_order:24; overture_15_negative_votes_2022::print_order:20
won-kwak,Won Kwak,2,2,nae_withdrawal_protest_2022; overture_15_negative_votes_2022,nae_withdrawal_protest_2022; overture_15_2022,formal_protest_signature; recorded_negative_vote,nae_withdrawal_protest_2022::print_order:101; overture_15_negative_votes_2022::print_order:96
woonny-kim,Woonny Kim,2,2,nae_withdrawal_protest_2022; overture_15_negative_votes_2022,nae_withdrawal_protest_2022; overture_15_2022,formal_protest_signature; recorded_negative_vote,nae_withdrawal_protest_2022::print_order:91; overture_15_negative_votes_2022::print_order:91
d-trefsgar,d Trefsgar,2,2,overture_15_minority_2022; women_study_committee_procedural_registration_2016,ga_2016_formal_positions; overture_15_2022,minority_report_signature; recorded_procedural_position,overture_15_minority_2022::print_order:36; women_study_committee_procedural_registration_2016::procedural_registration:153
